fid,MS_ID,kmeans_cluster,distance_to_assigned_centroid
24341,24341,1,1.0356210161180524
24344,24344,1,0.5600129670794671
24345,24345,1,0.5574406843028096
24346,24346,1,0.5514200155526959
24347,24347,1,0.47604646436671366
24348,24348,1,0.45559953018197047
24349,24349,1,0.45338478933856247
24350,24350,1,0.4428814114933415
24351,24351,1,0.5965474597510532
24352,24352,1,0.4203331827381589
24353,24353,1,0.4103445771768557
24354,24354,1,0.4088863514727224
24355,24355,1,0.40876945916787083
24356,24356,1,0.40499778507802886
24357,24357,1,0.3979164946735441
24358,24358,1,0.39089490227325857
24359,24359,1,0.38703392417692284
24360,24360,1,0.3821503661438509
24361,24361,1,0.37606556467179464
24362,24362,1,0.37160910183095774
24363,24363,1,0.3687161414875502
24387,24387,1,0.605279408893945
24388,24388,1,0.6016693817446392
24389,24389,1,0.5995018619563552
24986,24986,2,0.2956314383233187
24987,24987,2,0.29354667206793167
24988,24988,2,0.3168256949677933
24989,24989,1,0.41708632688211744
24990,24990,1,0.41529333629299114
25187,25187,1,0.32932516714322074
25188,25188,1,0.3313275340637351
25189,25189,1,0.35090095665770105
25190,25190,1,0.34549433567306126
25191,25191,1,0.33836753761484556
25198,25198,1,0.43124475356286307
25199,25199,1,0.4440944466940608
25200,25200,1,0.4436568325377351
25201,25201,1,0.4448437423545072
25212,25212,1,0.4366364942180009
25213,25213,1,0.4231263478573552
25214,25214,1,0.42923164484002047
25215,25215,1,0.4447691779442482
26432,26432,2,0.3955650873493028
26433,26433,2,0.3398908789835837
26434,26434,2,0.33585776133638096
26435,26435,2,0.3307814835011223
26436,26436,2,0.3157174817220269
26437,26437,2,0.20287800702611117
26438,26438,2,0.20483293158096982
26439,26439,2,0.22628302930670702
26440,26440,2,0.23043859647396792
26441,26441,2,0.2501464039890456
26442,26442,2,0.2553380240814349
26443,26443,2,0.2691293195702328
26444,26444,2,0.2746670202810466
26445,26445,2,0.28630266093336215
26446,26446,2,0.3095062487814017
26916,26916,1,0.4724506052399485
26917,26917,1,0.47479711673006453
26969,26969,1,0.2751864120487727
26970,26970,1,0.2733988916912018
26971,26971,1,0.2713381707366549
26972,26972,1,0.26861861513970914
26973,26973,1,0.26669093257013
26974,26974,1,0.2624062817490106
26975,26975,1,0.2610712387865013
26976,26976,1,0.26140912302344504
26977,26977,1,0.21811337559851204
26978,26978,1,0.22889691745599333
26979,26979,1,0.2603050463590035
26980,26980,1,0.3352470473157072
26981,26981,1,0.3581771961591936
26982,26982,1,0.3801621810791752
26983,26983,1,0.4228639985888422
26984,26984,1,0.437281987228204
26985,26985,1,0.4489309010194066
26986,26986,1,0.5859384571673365
26987,26987,1,0.5935756840089178
26988,26988,1,0.6041265811066184
26989,26989,1,0.6153210945256994
26990,26990,1,0.6249633307091192
26991,26991,1,0.6352670672269821
26992,26992,1,0.6448836996826177
26993,26993,1,0.6333782695031721
26994,26994,1,0.6221612490720232
26995,26995,1,0.6020190509763705
27677,27677,1,1.0107244063819483
27678,27678,1,1.0137982117878732
27679,27679,1,0.5096571512782284
27680,27680,1,0.5250612541236297
27681,27681,1,0.5228500241319407
27682,27682,1,0.5194819367570169
27718,27718,1,0.6416413963704188
27719,27719,1,0.6349517001719107
27720,27720,1,0.6335497062135574
27721,27721,1,0.6285219891576127
27723,27723,1,0.6309986963687043
27744,27744,1,0.4780979339677455
28335,28335,1,0.6537656269120768
28336,28336,1,0.6736391039140047
29037,29037,2,0.38600852423457005
29038,29038,2,0.3833115006915076
29039,29039,2,0.43505174148325493
29040,29040,2,0.2327873004700792
29041,29041,2,0.2324372483827609
29042,29042,2,0.24075744278360006
29043,29043,2,0.4374932443401564
29044,29044,2,0.4320405068661709
29046,29046,2,0.30024652222027526
29295,29295,1,0.5915446924926101
29296,29296,1,0.5471903407675334
29297,29297,1,0.46602461362223385
29298,29298,1,0.37158381286451053
29299,29299,1,0.3469334474219565
29545,29545,2,0.26611661371316947
29778,29778,1,0.413289450909307
29779,29779,1,0.41514286489832897
29780,29780,1,0.5111368696166309
29781,29781,1,0.5154954595068137
29782,29782,1,0.4311814831485388
29783,29783,1,0.34639943475303264
29867,29867,1,1.1134398700753654
29868,29868,1,0.4888997695340473
29869,29869,1,0.48574322703631023
29870,29870,1,0.47816780099028333
29871,29871,1,0.47201881558265535
29872,29872,1,0.4692453001485405
29873,29873,1,0.4701103255401027
29874,29874,1,0.471978691024658
29875,29875,1,0.47489403143971065
29876,29876,1,0.4775784521182761
29877,29877,1,0.48174840517934153
29878,29878,1,0.4844811124431139
29879,29879,1,0.48870550692267534
29880,29880,1,0.4898683039498605
29881,29881,1,0.49970689519378353
29882,29882,1,0.49811543876137465
29942,29942,1,0.8115819993545987
29943,29943,1,0.8126387923162599
29944,29944,1,0.8133754258382427
29945,29945,1,0.8156380729607882
29946,29946,1,0.8182065063018815
29947,29947,1,0.8038076854102179
29948,29948,1,0.8072361305838606
29949,29949,1,0.8076048863326469
29950,29950,1,0.8080803844473016
29951,29951,1,0.8115772849703337
29952,29952,1,0.756136913796881
29953,29953,1,0.756299878047612
29954,29954,1,0.7561028764055022
29955,29955,1,0.7573924975654991
29956,29956,1,0.7582453502472707
29957,29957,1,0.7593530010695863
29958,29958,1,0.758933972875659
29959,29959,1,0.681292212396682
29960,29960,1,0.7136610773176503
29961,29961,1,0.7112309696930931
29962,29962,1,0.7097523413367579
29963,29963,1,0.7058700109212697
30157,30157,1,0.472092661118244
30158,30158,1,0.46357957294723073
30159,30159,1,0.4647228647553966
30160,30160,1,0.46352232080837363
30161,30161,1,0.44741544900721214
30162,30162,1,0.44987321812335807
30322,30322,1,0.6019118032144244
30323,30323,1,0.6086661190134761
30324,30324,1,0.6214824765642756
30325,30325,1,0.6296752659289823
30326,30326,1,0.6204992158261791
30327,30327,1,0.6477194532706647
30328,30328,1,0.6499395101297183
30373,30373,1,0.28008870692919985
30374,30374,1,0.2799677962429422
30375,30375,1,0.24539893049013517
30376,30376,1,0.25800305092090836
30377,30377,1,0.26275596383773553
30378,30378,1,0.2560927482471082
30379,30379,1,0.2632883217980936
30380,30380,1,0.26715704580326
30381,30381,1,0.2642544330235389
30382,30382,1,0.26544669498428897
30383,30383,1,0.44397688647700795
30384,30384,1,0.4547399424728553
30385,30385,1,0.4591568894877213
30386,30386,1,0.46022775148832007
30463,30463,2,0.14486412042685445
30464,30464,2,0.17282411223190589
30465,30465,2,0.17788488833060764
30466,30466,2,0.24939234941910807
30467,30467,2,0.31648474689687317
30470,30470,1,0.8368085977572494
30471,30471,1,0.8159789000370052
30472,30472,1,0.6622429275055961
30473,30473,1,0.6078803679517336
30474,30474,1,0.700891872000578
30475,30475,1,0.6935314694627361
30476,30476,1,0.7657216961345558
30879,30879,2,0.32697280590189154
30880,30880,2,0.326353766206506
30881,30881,2,0.6629260258134125
30882,30882,2,0.7110381222374996
30990,30990,2,0.28641873473977175
31040,31040,2,0.3327811224322094
31041,31041,2,0.32279559830255383
31042,31042,2,0.3021265360559803
31043,31043,2,0.2783353326002077
31044,31044,2,0.2509628642817349
31045,31045,2,0.3788500017966033
31119,31119,2,0.3240789497183779
31120,31120,2,0.3298454310209825
31121,31121,2,0.3450931523423537
31122,31122,2,0.3506107848141822
31123,31123,2,0.3681519050757815
31124,31124,2,0.4235594052116144
31128,31128,2,0.8726019839488796
31129,31129,2,0.8719730881871633
31130,31130,2,0.8673875498903606
31131,31131,2,0.8697702522900507
31132,31132,2,0.8699711205620084
31133,31133,2,0.8703821693865409
31134,31134,2,0.6518135419805549
31135,31135,2,0.652933260256179
31136,31136,2,0.6111005242271623
31137,31137,2,0.5036796296753743
31138,31138,2,0.43042780545854803
31139,31139,2,0.34782804639687037
31140,31140,2,0.3686036680361171
31141,31141,2,0.38166996732219405
31348,31348,1,0.607635530631653
31436,31436,1,0.35541874646091537
31465,31465,1,0.3425479515219635
31466,31466,1,0.3395031053808443
31467,31467,1,0.3347973729333491
31468,31468,1,0.33398521759963673
31469,31469,1,0.3366624745378929
31470,31470,1,0.33316848154380785
31471,31471,1,0.3340250162663369
31472,31472,1,0.33347986184792117
31473,31473,1,0.2567103019212643
31474,31474,1,0.20102618615019857
31475,31475,1,0.3551768572027937
31476,31476,1,0.483694348318469
31477,31477,1,0.5018958813987604
31478,31478,1,0.5428977856732423
31479,31479,1,0.5452290901503252
31480,31480,1,0.32812518347594
31481,31481,1,0.33160593140329814
31482,31482,1,0.3360145792758542
31483,31483,1,0.33583559653777123
31484,31484,1,0.33882877204583756
31485,31485,1,0.33998615380433755
31486,31486,1,0.34438981337089825
31487,31487,1,0.34767879181323813
31488,31488,1,0.3524487488398509
31489,31489,1,0.3496083915483181
31774,31774,1,0.4764578483579047
31775,31775,1,0.4764147752960502
31776,31776,1,0.4812703426643777
31777,31777,1,0.4812181819334582
31778,31778,1,0.46341503904872094
31779,31779,1,0.6225375385683167
32247,32247,1,0.35176754809645316
32317,32317,1,0.3676761767390148
32318,32318,1,0.3677268390673346
32319,32319,1,0.36777785003699154
32355,32355,1,0.38989849222689893
32749,32749,1,0.4522474366217204
32750,32750,1,0.4519333951453928
32751,32751,1,0.45384043613203423
32752,32752,1,0.44779155103103024
32753,32753,1,0.44391679398069855
33372,33372,1,0.6125294443545694
33373,33373,1,0.6121825061203624
33374,33374,1,0.6110374854656337
33375,33375,1,0.6117473432465274
33376,33376,1,0.7323412368789655
33377,33377,1,0.7336012680230206
33378,33378,1,0.733766437376351
33379,33379,1,0.8046405951678594
33380,33380,1,0.8042717749854678
33381,33381,1,0.8044629115528635
33382,33382,1,0.8060871234183583
33383,33383,1,0.8059719872054153
33384,33384,1,0.8353172173314443
33385,33385,1,0.8374913643738177
33386,33386,1,0.8376169884119441
33387,33387,1,0.837563618046426
33388,33388,1,0.837873717512568
33402,33402,1,0.25326002350593757
33563,33563,2,0.38083097210629185
33564,33564,1,0.4454371638322194
33568,33568,1,0.4009952834645602
33569,33569,1,0.3537044685075864
33570,33570,1,0.21075357066833494
33571,33571,1,0.20661158988993317
33572,33572,1,0.20553841064934048
33573,33573,1,0.2018622228940279
33574,33574,1,0.20145244573817078
33575,33575,1,0.20211226409034266
33576,33576,1,0.196991286908369
34285,34285,1,0.364203231581889
34286,34286,1,0.36439502289093323
34287,34287,1,0.364077140393207
34289,34289,1,0.596567716205847
34290,34290,1,0.5507083105063334
34291,34291,1,0.6491711088100288
34292,34292,1,0.6352222432398004
34293,34293,1,0.6281297418596532
34299,34299,2,0.22898764483056971
34300,34300,2,0.2236513030184934
34342,34342,1,0.19147435957578143
34343,34343,1,0.19363754706961317
34344,34344,1,0.19855833131282152
34345,34345,1,0.20152301680110646
34346,34346,1,0.207483520247981
34347,34347,1,0.21539460325971602
34348,34348,1,0.32297290442474863
34425,34425,1,0.44193686152067724
34426,34426,1,0.43585802401576945
34427,34427,1,0.408091431861131
34428,34428,1,0.40295999714967684
34429,34429,1,0.4237230619887129
34430,34430,1,0.41739942941363883
34431,34431,1,0.4142791029700845
34432,34432,1,0.41454150832249786
34433,34433,1,0.4132467558073973
34434,34434,1,0.4065653282428911
34764,34764,1,0.6787425306687229
34765,34765,1,0.60150877612767
34766,34766,1,0.6041569109444404
34767,34767,1,0.49816972462384485
34768,34768,1,0.5448524534437512
34769,34769,1,0.7790046127066281
34770,34770,1,0.7898605010806378
34771,34771,1,0.7989828775511297
34772,34772,1,0.8352005696572072
34774,34774,2,0.3175901751784156
34775,34775,2,0.23997319658397254
34776,34776,2,0.18056836905416446
34777,34777,2,0.1745967312370856
34948,34948,1,0.4411645367794549
34949,34949,1,0.4384660058942642
35503,35503,1,0.6204414078234755
35584,35584,1,0.2717424105874626
35765,35765,1,0.3376349288807905
35766,35766,1,0.3359433664710031
35767,35767,1,0.33428986576037945
35768,35768,1,0.3660315467620577
35769,35769,1,0.36670269392024163
35770,35770,1,0.3656864383465296
36138,36138,2,0.2263432060903718
36139,36139,2,0.38495075460660017
36431,36431,1,0.5163912390094995
36432,36432,1,0.5157075250004699
36523,36523,1,0.2559656130344552
36524,36524,1,0.256096807063314
36525,36525,1,0.2559086203972275
36526,36526,1,0.25231697588622526
36527,36527,1,0.24927427328399718
36528,36528,1,0.24039650428229586
36529,36529,1,0.23314460533588924
36530,36530,1,0.23182114681848282
36531,36531,1,0.23364823904834472
36532,36532,1,0.23440777599739848
36533,36533,1,0.2515954517354881
36534,36534,1,0.24320952355709688
36535,36535,1,0.24708248630000226
36536,36536,1,0.2586359544249238
36537,36537,1,0.2643185304402677
36538,36538,1,0.2600301225672732
36539,36539,1,0.26170001547488064
36719,36719,1,0.32901433174443956
36981,36981,1,0.24952347785386514
36982,36982,1,0.375522894766017
36983,36983,1,0.36819619044734525
36984,36984,1,0.3663202713079022
36985,36985,1,0.3645843323767203
36986,36986,1,0.3632734725318336
36987,36987,1,0.36176963055431666
36988,36988,1,0.44053778903999224
36991,36991,1,0.43897284070778825
36992,36992,1,0.442238449824374
37256,37256,1,0.4741745162765609
37262,37262,1,0.3979198187502643
37263,37263,1,0.4155597690231115
37264,37264,1,0.4087625845083226
37265,37265,1,0.4048684281789978
37266,37266,1,0.39873654504179806
37267,37267,1,0.3146032780875205
37268,37268,1,0.3029456753896318
37269,37269,1,0.2974424258854511
37270,37270,1,0.28964055580494646
37271,37271,1,0.2872757970730314
37272,37272,1,0.2840944229053132
37273,37273,1,0.36415155361129636
37274,37274,1,0.363900433612301
37275,37275,1,0.36051918452379356
37276,37276,1,0.38471768772567394
37277,37277,1,0.38432616001147546
37278,37278,1,0.38405194086518246
37279,37279,1,0.3874446976582808
37280,37280,1,0.3875943440240407
37281,37281,1,0.387362324279028
37282,37282,1,0.3661590007569319
37283,37283,1,0.3714049711349256
37284,37284,1,0.37299854811284433
37285,37285,1,0.37811971775082903
37286,37286,1,0.3874555472810381
37288,37288,1,0.39343376003436936
37289,37289,1,0.3930048097274821
37290,37290,1,0.3956789504181339
37291,37291,1,0.3989540713537571
37405,37405,2,0.9745319908108543
37406,37406,2,0.9777204855294709
37407,37407,2,0.9852534744599919
37414,37414,1,1.007473376690767
37415,37415,1,1.0078802494074035
37416,37416,1,0.53247973688942
37417,37417,1,0.5307296950875718
37418,37418,1,0.5294030581292823
37419,37419,1,0.5178249875381962
37420,37420,1,0.5208104981792809
37433,37433,1,0.5462195199355971
37434,37434,1,0.4302320373045229
37435,37435,1,0.5561170542011212
37436,37436,1,0.5654806148410909
37897,37897,1,0.36344351319357626
37898,37898,1,0.36366105149383987
37990,37990,1,0.6021792558654063
37992,37992,1,1.1602428659318438
37993,37993,1,1.159650216422458
37994,37994,1,0.5837790835835521
37995,37995,1,0.5751818334047679
37996,37996,1,0.5713274141520799
37997,37997,1,0.5732230914826272
37998,37998,1,0.5708818163676365
37999,37999,1,0.5454325699481866
38000,38000,1,0.5682232294224414
38001,38001,1,0.5683858704685171
38002,38002,1,0.569029695265215
38003,38003,1,0.5709847280964045
38379,38379,1,0.5287986330687112
38380,38380,1,0.4702523674376016
38381,38381,1,0.5815364971530168
38382,38382,1,0.494641891412446
38383,38383,1,0.49155731168419964
38384,38384,1,0.38410783968741713
38385,38385,1,0.40774316574417907
38386,38386,1,0.40390446185735907
38387,38387,1,0.39416772331017663
38798,38798,1,0.45389441739672315
38799,38799,1,0.4566524706420307
38851,38851,1,0.38707444363916155
38852,38852,1,0.39284550453620937
38853,38853,1,0.39742151132699366
38854,38854,1,0.4009631206174949
38855,38855,1,0.40409519899594665
38856,38856,1,0.4097470266258155
39042,39042,1,0.3769604685716662
39043,39043,1,0.2212359194227077
39044,39044,1,0.21982497995801262
39045,39045,1,0.3209631899881562
39214,39214,1,0.269290023329897
39215,39215,1,0.2680245400407957
39216,39216,1,0.2744414883180998
39217,39217,1,0.28390060445554444
39218,39218,1,0.36712448882129245
39220,39220,1,0.37524082492329364
39221,39221,1,0.37522285050520415
39222,39222,1,0.34594251307038615
39223,39223,1,0.34679503813160073
39224,39224,1,0.35405119032222104
39483,39483,1,0.2705092258415193
39484,39484,1,0.2714692964038794
39485,39485,1,0.2693878772165356
39486,39486,1,0.28105228233485585
40064,40064,1,0.46528284686263066
40067,40067,2,0.2458658758589921
40068,40068,2,0.24518473772644886
40069,40069,2,0.24205537437637129
40072,40072,2,0.2575168873225011
40073,40073,2,0.25974848538032674
40074,40074,2,0.25420162859190604
40075,40075,2,0.2555715272193405
40436,40436,2,0.28354019597787844
40437,40437,2,0.2813670084889654
40438,40438,2,0.2812732042334188
40439,40439,2,0.2806087809929588
40440,40440,2,0.26890328393037405
40441,40441,2,0.2640964652451387
40442,40442,2,0.23792242318198287
40443,40443,2,0.3610812335032984
40444,40444,2,0.3549678339516613
40445,40445,2,0.3518131359570584
40446,40446,2,0.34083376864414866
40447,40447,2,0.4439770628404091
40448,40448,2,0.5090779875876698
40449,40449,2,0.5086467319986429
40450,40450,2,0.6141890846841026
40451,40451,2,0.6563151817138759
40452,40452,2,0.6558857278906989
40453,40453,2,0.8732791891368402
40454,40454,2,0.8686279900447901
40455,40455,2,0.8687112281152511
40456,40456,2,0.8724964366947088
40459,40459,2,0.4235594052116144
41160,41160,1,0.3339143134400296
41161,41161,1,0.4376983941178832
41162,41162,1,0.4389619921688436
41163,41163,1,0.43541329928389116
41164,41164,1,0.4706302094797552
41165,41165,1,0.471863841370866
41166,41166,1,0.47791914243705813
41167,41167,1,0.6299430171675487
41171,41171,1,0.44917594087205215
41611,41611,1,0.6109580532942607
41612,41612,1,0.6214822689790228
41613,41613,1,0.6139236193318657
41614,41614,1,0.6149977120546958
41615,41615,1,0.6045906290546433
41656,41656,1,0.4653111577010239
41657,41657,1,0.46398330419335393
41658,41658,1,0.4594050419476038
41659,41659,1,0.46149627822414707
41660,41660,1,0.4565456022727897
41661,41661,1,0.4472981196958914
41662,41662,1,0.43023274516932164
41663,41663,1,0.43661606692858135
41664,41664,1,0.45127289954238364
41665,41665,1,0.45714973451837637
41666,41666,1,0.4585804352462825
41667,41667,1,0.458718364445811
41668,41668,1,0.45684363707060693
41669,41669,1,0.4551000195718293
41670,41670,1,0.4543746980852883
41671,41671,1,0.4543658567863738
41672,41672,1,0.4544548510108043
41673,41673,1,0.4519179643857824
41674,41674,1,0.45028645886748236
41675,41675,1,0.4469879721811887
41676,41676,1,0.4456136579870263
41677,41677,1,0.44916503878753444
41723,41723,1,0.22377600537440592
41724,41724,1,0.23351739092351653
41725,41725,1,0.18285816571979605
41726,41726,1,0.19000044324803025
41727,41727,1,0.19222444650430554
41728,41728,1,0.34417049873411754
41729,41729,1,0.34339659894154345
41730,41730,1,0.35006994412411696
41731,41731,1,0.3635899298453585
41732,41732,1,0.5524859758072325
41733,41733,1,0.6468400364914255
41734,41734,1,0.6504703181088332
41735,41735,1,0.6724984706742848
41879,41879,1,0.3315021670051974
41880,41880,1,0.33475056020330973
41881,41881,1,0.33560844043242294
41882,41882,1,0.33548196129023583
41883,41883,1,0.34134795082921415
41884,41884,1,0.34822376506460895
41885,41885,1,0.355250575292827
41886,41886,1,0.36548283546151444
41887,41887,1,0.3680592063465658
41888,41888,1,0.44042441654034065
41889,41889,1,0.43878147968295345
41890,41890,1,0.44304475330559545
41891,41891,1,0.42536062830124677
41896,41896,1,0.47953911558325585
41929,41929,1,0.4500186701839702
41930,41930,1,0.4487621257243043
41931,41931,1,0.4438853932283671
41937,41937,1,0.5002459312627495
41938,41938,1,0.5095270841141232
41939,41939,1,0.6141554611217712
41940,41940,1,0.628654106138482
42095,42095,2,0.252129475747696
42099,42099,2,0.23489465191319847
42100,42100,2,0.23904010960658398
42101,42101,2,0.23923119076701535
42102,42102,2,0.23756766387174164
42105,42105,1,0.46974128383932445
42106,42106,1,0.4543805687995989
42107,42107,1,0.4502323607051249
42169,42169,1,0.4469268196998887
42170,42170,1,0.3824403824239544
42171,42171,1,0.21045530132268978
42788,42788,1,0.27617532809904927
42844,42844,2,0.27081762859342795
42845,42845,2,0.2558371010495039
42847,42847,1,0.6756544083628503
42848,42848,1,0.630297432425776
42849,42849,1,0.4803279797218535
43118,43118,2,0.2241600266951588
43119,43119,2,0.2312092632924552
43120,43120,1,0.4638465696562193
43121,43121,2,0.3860255263841076
43122,43122,2,0.3870864729892787
43123,43123,2,0.22450953394090492
43244,43244,1,0.48906571249456693
43245,43245,1,0.49055491107863763
43594,43594,2,0.4041039868778229
43595,43595,2,0.36610997433937986
43596,43596,2,0.3618337691528134
43597,43597,2,0.313949593738255
43846,43846,1,0.3068539366081913
43847,43847,1,0.3117349812253343
43848,43848,1,0.2766029795557314
43849,43849,1,0.2844661188943719
43850,43850,1,0.2813548932128523
43851,43851,1,0.402082113034779
43852,43852,1,0.40955980644924445
44078,44078,2,0.22650875897451575
44079,44079,1,0.4622005132208609
44275,44275,2,0.20227386902238273
44276,44276,2,0.20251069638711053
44277,44277,2,0.2071916365240997
44278,44278,2,0.2112385344275283
44279,44279,2,0.23848077769757978
44280,44280,2,0.2508696511852087
44281,44281,2,0.2513284327318458
44305,44305,2,0.33818337145629607
44306,44306,2,0.33620551730290443
44307,44307,2,0.33330201536800874
44308,44308,2,0.33247130565899524
44309,44309,2,0.2549496953914932
44310,44310,2,0.2404588821559152
44323,44323,2,0.22952542232496265
44324,44324,2,0.23374837635044377
44325,44325,2,0.23532801919553709
44555,44555,1,0.47862433987587827
44556,44556,1,0.4810998059274295
44711,44711,1,0.36199055930110957
44712,44712,1,0.6041810038475401
44713,44713,1,0.4983049343122238
44714,44714,1,0.45678467812694346
45124,45124,1,0.5837475772722112
45125,45125,1,0.5765978549976241
45126,45126,1,0.5741408569703157
45127,45127,1,0.5686080686575536
45128,45128,1,0.5644920359952406
45129,45129,1,0.3319928523766538
45130,45130,1,0.3280283490713209
45981,45981,1,0.3569176507825421
45982,45982,1,0.3532588824879032
45983,45983,1,0.34958957156043646
45984,45984,1,0.34991173353715854
45985,45985,1,0.34394672979772367
45986,45986,1,0.34292969359120823
45987,45987,1,0.3437093910731266
45988,45988,1,0.3495690357776428
45989,45989,1,0.34422720720206
45990,45990,1,0.34715514921689417
46217,46217,1,0.4772157624476897
46218,46218,1,0.5260823331700373
46219,46219,1,0.6676881782659936
46220,46220,1,0.5012305012455829
46221,46221,1,0.3959569568236835
46222,46222,1,0.3392830683265151
46223,46223,1,0.29861046703511235
46224,46224,1,0.2759551215425435
46225,46225,1,0.2684846689710208
46226,46226,1,0.2600553415439333
46227,46227,1,0.2591414235803746
46228,46228,1,0.2629105559877189
46229,46229,1,0.2615020638740194
46230,46230,1,0.27945695579867247
46231,46231,1,0.2826558341070929
46232,46232,1,0.5306595609321691
46233,46233,1,0.5443325593643207
46234,46234,1,0.5556223785229597
46235,46235,1,0.5661471862637117
46236,46236,1,0.577527862118166
46237,46237,1,0.5843904255829622
46238,46238,1,0.5915287082552297
46239,46239,1,0.5874276789994782
46539,46539,1,0.2332212861135909
46540,46540,1,0.23599209858854914
46557,46557,1,0.4385693865707205
46558,46558,1,0.4084104241841819
46560,46560,1,0.4088500888050774
46602,46602,1,0.3511997450327428
46603,46603,1,0.3497089164709276
46604,46604,1,0.35074631919335647
46605,46605,1,0.33095867644861315
46606,46606,1,0.3180006110044761
46607,46607,1,0.30652665861890455
46608,46608,1,0.30044704834350205
46609,46609,1,0.29392545956158794
46610,46610,1,0.2869090348701332
46611,46611,1,0.29265907552483683
46612,46612,1,0.2993227073173556
47340,47340,1,0.4036980615386919
47341,47341,1,0.3957263392125248
47342,47342,1,0.39051814038311794
47343,47343,1,0.38399795395202474
47344,47344,1,0.3830083927703705
47345,47345,1,0.38030595192661115
47346,47346,1,0.3835755020582983
47347,47347,1,0.3786203254059505
47348,47348,1,0.374987120323511
47349,47349,1,0.3732735559627624
47417,47417,2,0.7295413134180019
47418,47418,2,0.7939865084875487
47484,47484,1,0.40024860249835814
47485,47485,1,0.34792664116618555
47552,47552,1,0.4393697296007952
47553,47553,1,0.4448350604660041
47567,47567,1,0.5315176065049034
47568,47568,2,0.27333783756486635
47569,47569,2,0.2699746967935224
47570,47570,1,0.5302515066618227
47571,47571,1,0.5310270867416702
47572,47572,1,0.4649824052387293
47574,47574,1,1.0122998358341222
47881,47881,1,1.0644944015566564
47882,47882,1,1.0531496167719996
47883,47883,1,0.7133368516298274
47884,47884,1,0.71101518048194
47885,47885,1,0.708704593158207
47886,47886,1,0.704990763277326
47887,47887,1,0.7002761449483403
47888,47888,1,0.6857708532075509
47889,47889,1,0.6759839179417846
47890,47890,1,0.654645211611228
47891,47891,1,0.6041349206666738
47892,47892,1,0.5912631511943937
47893,47893,2,0.6580240370831767
47894,47894,2,0.6066823114083887
47895,47895,2,0.34099807994343134
47896,47896,2,0.32126589921252513
47897,47897,2,0.31109563653192396
47898,47898,2,0.3018893632609974
47899,47899,2,0.2479309277196849
47900,47900,2,0.2476507854047101
47901,47901,2,0.21069463586782042
47902,47902,2,0.2077028620216305
47903,47903,2,0.2068926811208716
47904,47904,2,0.20869844738317195
47905,47905,2,0.2102056162928608
47906,47906,2,0.21106499972060924
48046,48046,1,0.23783698248807514
48047,48047,1,0.18889765349257576
48048,48048,1,0.19156037198562686
48049,48049,1,0.18892577329187618
48050,48050,1,0.39203955992451406
48051,48051,1,0.3492693981156412
48052,48052,1,0.3512921874381373
48132,48132,2,0.22919490131828782
48133,48133,2,0.22144489882441806
48134,48134,2,0.21289420286714109
48135,48135,2,0.2703670290282773
48136,48136,2,0.24272106346185224
48137,48137,2,0.46467571849804484
48138,48138,2,0.5950075315739348
48213,48213,1,0.5893947522495133
48214,48214,1,0.5902009201660042
48215,48215,1,0.5886665681062122
48349,48349,1,0.3745831049864546
48350,48350,1,0.3750239257145998
48857,48857,1,0.3550704255093398
48858,48858,1,0.34851296152209543
48859,48859,1,0.33843923274247856
48860,48860,1,0.34841912341061465
48961,48961,1,0.4425320895541635
48962,48962,1,0.4447199945426413
48963,48963,1,0.4528177729989284
49063,49063,1,0.5730165827998844
49064,49064,1,0.5711615227096053
49065,49065,1,0.30501687886018763
49066,49066,1,0.3033683993313893
49067,49067,1,0.3144928720235049
49068,49068,1,0.31554398324766
49073,49073,2,0.2991247701069037
49074,49074,2,0.2986861515558279
49686,49686,1,0.3112319323027139
49687,49687,1,0.30648090376836906
49688,49688,1,0.24664168678058218
49689,49689,1,0.22527480076625048
50224,50224,1,0.45128599373513234
50225,50225,1,0.448987937147985
50226,50226,1,0.4469969017096851
50227,50227,1,0.44622336395037715
50228,50228,1,0.4423504400055786
50229,50229,1,0.43650401274188305
50230,50230,1,0.4333000987409961
50231,50231,1,0.4311743361071417
50232,50232,1,0.42730916915384926
50577,50577,1,0.3332534585332789
50578,50578,1,0.3427880894730032
51185,51185,1,0.5079061070597436
51804,51804,1,0.3433096475780406
51805,51805,1,0.3221841384127042
52010,52010,1,0.19677484676711515
52011,52011,1,0.19967837988439915
52012,52012,1,0.19834232599878335
52013,52013,1,0.23943039241048497
52014,52014,1,0.31021335378787274
52015,52015,2,0.39700485870253044
52016,52016,2,0.40476884222176096
52274,52274,1,0.3281891819611757
52275,52275,1,0.35259408183769797
52276,52276,1,0.4535140730387729
52277,52277,1,0.42604770041388323
52558,52558,1,0.4275984962400128
52559,52559,1,0.42679392330608174
52560,52560,1,0.42201572491342576
52561,52561,1,0.42077805684905917
52562,52562,1,0.26100275524392186
52781,52781,1,0.28204875535320856
53025,53025,2,0.3123879735805952
53026,53026,2,0.28500080579722886
53027,53027,2,0.2831460754386559
53899,53899,1,0.1810551440841425
54338,54338,1,0.3990120602929512
54734,54734,1,0.430170331249014
54735,54735,1,0.43228622091471697
55148,55148,2,0.21864936010440592
55823,55823,1,0.5594279588018715
56630,56630,2,0.3833545949572107
56631,56631,2,0.3821558549865247
56937,56937,1,0.27288034010649076
56938,56938,1,0.26962335094858125
57779,57779,1,0.31256858257832565
57780,57780,1,0.28804282785004637
57904,57904,1,0.7423034303162788
57905,57905,1,0.7403590003656677
57906,57906,1,0.7257792216684639
57907,57907,1,0.7233820575055306
57908,57908,1,0.7044579003842573
57968,57968,2,0.13302782085124618
58121,58121,1,0.44303339726818364
58632,58632,2,0.2656592786981828
58855,58855,2,0.35481481227707695
58914,58914,1,0.6179285805988141
58915,58915,1,0.550767406618512
59257,59257,2,0.24290185493016272
59258,59258,2,0.2610170287657526
59259,59259,2,0.2719727937611018
59363,59363,1,0.7823094217611826
60216,60216,1,0.4203134707788911
60217,60217,1,0.4278035982474511
60227,60227,2,0.3021445889351678
60228,60228,2,0.2798034868203816
60229,60229,2,0.2796348225806439
60230,60230,2,0.242342833807444
60231,60231,2,0.24346111242737106
60232,60232,2,0.47676560236212573
60238,60238,1,0.3166446809067622
60825,60825,1,0.26464519279939913
60826,60826,1,0.2063243708887278
60827,60827,1,0.20083821583938152
60836,60836,1,0.9832209325992032
60837,60837,1,0.9768037239043642
60838,60838,1,1.2543938912178143
61199,61199,1,0.7730727787754669
61200,61200,1,0.7630235841867923
62212,62212,1,0.27242651710341537
62213,62213,1,0.2841639216221119
62214,62214,1,0.28655562054968053
62215,62215,1,0.284325305880072
62216,62216,1,0.31986117289023086
62217,62217,1,0.3977314288394938
62218,62218,1,0.3979380200375286
62942,62942,1,0.3899965772945514
62943,62943,1,0.4601328278832874
62944,62944,1,0.4456019014192541
63115,63115,1,0.47747209967483034
63116,63116,1,0.294280307122307
63117,63117,1,0.6185928459573136
63686,63686,1,0.23890796173354645
63687,63687,1,0.2315457036868524
63989,63989,1,0.47039271871109595
64021,64021,2,0.3270912214431554
64022,64022,2,0.325561300753852
64795,64795,1,0.570553040087574
64796,64796,1,0.571989179440278
64797,64797,1,0.5412469260183843
65316,65316,1,0.36636875365294486
65317,65317,1,0.43894366615992364
65524,65524,1,0.7135807368792292
65549,65549,1,0.7897231553426683
65550,65550,1,0.8521513478346826
65551,65551,1,0.8741231471838201
65552,65552,1,0.917745537170737
65553,65553,1,1.0809861121017255
65555,65555,2,0.15320303389613033
65556,65556,2,0.14621534297650088
65557,65557,2,0.13772286984431967
65821,65821,1,0.5459547019907164
65823,65823,1,0.2296219530198046
65824,65824,1,0.3253693552849949
66195,66195,1,0.3410425763432443
66196,66196,1,0.47519400848604254
66932,66932,1,0.25371009591619526
66933,66933,1,0.2668220869983992
66934,66934,1,0.2683227814482154
66935,66935,1,0.31283456173763957
67900,67900,1,0.47077869867505057
67901,67901,1,0.49880134154855627
67902,67902,1,0.5066964506951622
67903,67903,1,0.5243659164798599
69194,69194,1,0.5183398077232986
69205,69205,1,0.5052658148746849
69452,69452,2,0.28683618956366314
69880,69880,1,0.3442109246788129
69881,69881,1,0.3278952105736647
70011,70011,1,0.24055603100612097
70426,70426,1,0.19431786650057345
70427,70427,1,0.23289474926469717
70428,70428,1,0.23563002964602203
70429,70429,1,0.23669267572867342
70543,70543,1,0.2930023814127544
70544,70544,1,0.26221470224412474
70545,70545,1,0.5773736804709645
70716,70716,1,0.8891412195361165
70717,70717,1,0.838084161276144
71292,71292,1,0.6334330529408441
71336,71336,1,0.4893432404585489
71337,71337,1,0.2992084442557527
71338,71338,1,0.2990703130919909
71369,71369,1,0.7124824822921498
71370,71370,1,0.7517075882555486
71820,71820,1,0.3883283256550142
72033,72033,1,0.46104696195441053
72034,72034,1,0.45410392560459956
72035,72035,1,0.45264362674398073
72039,72039,1,0.8214864858710217
72040,72040,1,0.8226796973643031
72041,72041,1,0.8232474321450894
72042,72042,1,0.8031841259979153
72043,72043,1,0.8044893740316625
72044,72044,1,0.8779080883800701
72045,72045,1,0.7694585692817829
73008,73008,1,0.30404861079632334
73015,73015,2,0.16901713775471974
73016,73016,2,0.1853695085303378
73619,73619,1,0.9153089811677209
73620,73620,1,0.9523908032823565
73621,73621,1,0.9572985117915739
73628,73628,1,0.18712563150503359
74060,74060,1,0.28658150617968603
74061,74061,1,0.3350744063162251
74062,74062,1,0.37618268646338393
74063,74063,1,0.3472491564802262
74064,74064,1,0.33545963429526837
74065,74065,1,0.3214145782063508
74066,74066,1,0.326154987198512
74067,74067,1,0.33016384667944715
74100,74100,1,0.9441636769205225
74101,74101,1,0.9399031766544019
74327,74327,1,0.23558230818696432
74328,74328,1,0.23187981245714762
74331,74331,1,0.3556489884161732
75472,75472,1,0.4572765581926934
75473,75473,1,0.39044958969431687
75499,75499,2,0.2577586912220184
75500,75500,2,0.39154804562148027
76373,76373,1,0.6896450235212329
77007,77007,1,0.5687388969284627
77008,77008,1,0.5643065632778785
77009,77009,1,0.5491979649826713
77010,77010,1,0.4972810385132757
77011,77011,1,0.40305976237621305
77012,77012,1,0.3656955299151677
77013,77013,1,0.39703518925087616
77014,77014,1,0.40410429807776194
77015,77015,1,0.37984338234352033
77016,77016,1,0.40325347315220333
77017,77017,1,0.38695685698221616
77018,77018,1,0.4212995944874311
77020,77020,1,0.4556238573049472
77353,77353,1,0.34774295968496777
77354,77354,1,0.33154165545320446
77355,77355,1,0.3559596502015943
77356,77356,1,0.37838107264137144
77357,77357,1,0.38638002176294206
77478,77478,1,0.36478264588263304
77506,77506,1,1.4502981940097484
77508,77508,1,0.6547892064334347
77509,77509,1,0.6249026342794255
77510,77510,1,0.3966545193547458
77618,77618,1,0.41543078783868764
77620,77620,1,0.31839916746802605
77621,77621,1,0.3179109426707712
77622,77622,1,0.29671462379669317
77623,77623,1,0.3107202206113989
77654,77654,1,0.35448332677164424
78745,78745,1,0.5614522585980813
78746,78746,1,0.41093967298063067
78747,78747,1,0.5515123003551756
79627,79627,2,0.6866802542160597
79652,79652,1,0.36319433732647854
79656,79656,1,0.36409298143557695
81390,81390,1,0.9326811763726075
81391,81391,1,0.7835109893118047
81392,81392,1,0.65223978033987
81393,81393,1,0.7351523691869108
81658,81658,1,0.7823919439436975
81659,81659,1,0.7821102427669958
83211,83211,1,0.4744423556408372
84444,84444,1,0.4668910138053439
84445,84445,1,1.0659783068027533
84446,84446,1,1.020758531444283
84447,84447,1,1.02420765244586
84448,84448,1,0.6513686718264081
84449,84449,1,1.021463090992967
84450,84450,1,1.0670136217500834
84451,84451,1,0.4703950763615311
84597,84597,1,0.553272204039553
84782,84782,1,0.3564874637753909
85078,85078,1,0.5693998225323376
85079,85079,1,0.5683641106237539
85110,85110,1,0.22977707171418815
85111,85111,1,0.2375826257728724
85112,85112,1,0.27289222655266154
85468,85468,1,0.4418124445430036
85469,85469,1,0.4417242420743546
85470,85470,1,0.44282540633201845
85471,85471,1,0.443796599758786
85472,85472,1,0.4439160767904057
85473,85473,1,0.2454521144780151
85474,85474,1,0.2721340313508136
85475,85475,1,0.44400342891714195
85476,85476,1,0.4468277852326013
85477,85477,1,0.44695809821409394
85478,85478,1,0.4464174132248711
85479,85479,1,0.4445486252256937
85480,85480,1,0.446991578189732
85683,85683,2,0.7529628084887665
85731,85731,1,0.3514825957412224
87408,87408,1,0.33492524444287736
87409,87409,1,0.38767331544615385
87410,87410,1,0.240237063188848
87411,87411,1,0.2587678886483815
87412,87412,1,0.2807259820240165
87413,87413,1,0.2826389790748626
87414,87414,1,0.28345579158303796
87415,87415,1,0.20769708037150153
87416,87416,1,0.22195232557521147
87417,87417,1,0.22188589150418903
87418,87418,1,0.22212094283233907
87984,87984,1,0.6734926128832266
87988,87988,1,0.8720303129451756
87989,87989,1,0.9267136824295128
87990,87990,1,0.9643104362431406
87991,87991,1,0.8493967177084027
88461,88461,1,0.26189470378369456
88462,88462,1,0.27473605631601183
88817,88817,1,0.3983766540316069
88818,88818,1,0.40309378694642045
88819,88819,1,0.3950671455104663
88962,88962,1,0.38435206893425017
88985,88985,2,0.45504574052370567
88986,88986,2,0.6029877466782918
88987,88987,2,0.6025622092437644
88988,88988,2,0.6056021291360201
88989,88989,2,0.6232371668320937
89003,89003,1,0.25401295774125265
89017,89017,1,0.2937540048083747
89019,89019,1,0.27356548872774106
89338,89338,1,0.2311769912856237
89339,89339,1,0.23219982472197936
89340,89340,1,0.600131133351388
89341,89341,1,0.2732150488750314
89342,89342,1,0.28736542933119724
89343,89343,1,0.2819042202036637
89344,89344,1,0.48189147054557935
89778,89778,1,0.28132846232173603
89868,89868,1,0.53696928152499
90154,90154,1,0.46155434557332087
90189,90189,2,0.42967929219980633
90358,90358,2,0.8870582918800695
90359,90359,2,0.8907656955917954
90360,90360,2,0.8965724755698136
90822,90822,2,0.3133732079027499
90823,90823,2,0.3787573989375456
92070,92070,1,0.44831162254265944
92457,92457,1,0.7116861780450152
92458,92458,1,0.5648135331051477
92459,92459,1,0.5112687034656512
92460,92460,1,0.8716590048950361
92819,92819,1,1.0128941017670738
92820,92820,1,1.065766515681647
92939,92939,1,1.0228587161063238
92940,92940,1,1.0293637645048954
93011,93011,2,0.23802912618292607
93241,93241,1,0.4485463999702623
93242,93242,1,0.4464304963756675
93243,93243,1,0.4461828919120903
93244,93244,1,0.446475416467481
93245,93245,1,0.4486461410893578
93246,93246,1,0.44833132788524066
93247,93247,1,0.4038764652952703
93248,93248,1,0.43128872363782517
93249,93249,1,0.4542881128272295
93330,93330,1,0.28800620450413406
94537,94537,1,0.5843697978790557
94547,94547,1,0.24332569020204298
94548,94548,1,0.2281195013988003
94549,94549,1,0.229538198328961
94550,94550,1,0.24851831205588237
94897,94897,1,1.1416759784250405
95968,95968,1,0.4647603549344141
96460,96460,1,0.6326855111124486
96461,96461,1,0.5959640431213742
96462,96462,1,0.5626687930268276
97123,97123,1,0.7591647206589582
97124,97124,1,0.8105873789425543
97125,97125,1,0.8464748058907671
97126,97126,1,0.8082101804486229
97535,97535,1,0.6887233327757522
97536,97536,1,0.42329045572541424
97537,97537,1,0.4600516094170884
97755,97755,1,0.303367713818214
97756,97756,1,0.3013779171364302
97757,97757,1,0.6217663767518583
97758,97758,1,0.6074950491209097
97761,97761,1,0.3297173355673703
97762,97762,1,0.3888356468947621
97763,97763,1,0.5529704932710289
97764,97764,1,0.597129297424135
97959,97959,1,0.8402677123107863
97960,97960,1,0.8008253149985427
98469,98469,1,0.3715975091130011
98470,98470,1,0.3680699680542767
100304,100304,1,0.2064952706678948
100305,100305,1,0.20161278485806525
100721,100721,1,0.326894143753799
100722,100722,1,0.2048998212771189
101630,101630,1,0.36152044465669864
101631,101631,1,0.4243742149309962
101649,101649,1,0.399478817441506
101650,101650,1,0.43808378715058127
101653,101653,1,1.4508181020100288
101654,101654,1,1.4508108240604867
101655,101655,1,1.4507997625161597
101656,101656,1,1.4507910790863021
102153,102153,1,0.31475092508924624
102154,102154,1,0.3212793516520613
102191,102191,1,0.23922582341920953
102694,102694,2,0.14593128749100812
102695,102695,2,0.17229506025001912
102696,102696,2,0.19076762125335486
102697,102697,2,0.15366279348164022
103406,103406,1,0.2615250857532202
103407,103407,1,0.33986249335364815
103408,103408,1,0.3966552584366727
103409,103409,1,0.39953684296010233
103410,103410,1,0.3973444029976158
103411,103411,1,0.42029350283060307
103412,103412,1,0.4124761489883112
104136,104136,1,0.398076045215655
104137,104137,1,0.39840633135499665
104138,104138,1,0.39910821237329197
104752,104752,1,0.21741513916219146
104753,104753,1,0.22119615375450163
104754,104754,1,0.22240375189240102
104755,104755,1,0.22105864335359307
104756,104756,1,0.22852903581207532
104757,104757,1,0.26719136367751517
104758,104758,1,0.5883914713556784
104759,104759,1,0.6167213613809096
104763,104763,1,0.5414252730203227
104764,104764,1,0.518273324681231
104765,104765,1,0.4872629672193174
104766,104766,1,0.4561308021160901
104767,104767,1,0.4209786899688549
104768,104768,1,0.3675357765858111
105038,105038,2,0.1698203515689066
105039,105039,2,0.20591546080504725
105040,105040,2,0.20553768679651846
105041,105041,2,0.20516627966801113
105042,105042,2,0.1661115224961752
105100,105100,1,0.446535017108115
105101,105101,1,0.45179599571139367
105347,105347,1,0.25619437969001635
105348,105348,1,0.504887174672199
105349,105349,1,0.26593664732085553
105476,105476,1,0.3762126986154736
105720,105720,1,0.48426847150891844
105721,105721,1,0.18930818124050994
105722,105722,1,0.410064930195963
106440,106440,1,0.6363429907919615
106441,106441,1,0.592594061404084
106442,106442,1,0.5674095593066957
106443,106443,1,0.5460438313552791
106566,106566,1,0.36312730749246125
106567,106567,1,0.22585078808786008
106568,106568,1,0.2430653750653835
106569,106569,1,0.29491252637550336
106570,106570,1,0.24264984580684057
106711,106711,1,1.0665442539852616
106712,106712,1,1.064699792395726
107096,107096,2,0.43041418214568017
107097,107097,2,0.4394390458563808
107098,107098,2,0.632292838383646
107099,107099,2,0.6352906550669017
107100,107100,2,0.6608337608528129
107101,107101,2,0.7267765024511476
108528,108528,1,0.2897604459205419
108529,108529,1,0.273228040541848
108530,108530,1,0.25447497649768963
108531,108531,1,0.24964874709368529
108532,108532,1,0.2463939344392196
108533,108533,1,0.2462895640617147
108534,108534,1,0.23233525852874062
108535,108535,1,0.32167157535977026
109601,109601,1,0.4762176507590987
109602,109602,1,0.5288266914215705
109603,109603,1,0.6174845653348395
109604,109604,1,1.0019551582246258
109605,109605,1,1.0074791448957843
109606,109606,1,0.4406083550183254
109607,109607,1,0.39882201141854584
109608,109608,1,0.41092846279091916
109615,109615,1,0.39666228554788246
109656,109656,1,0.29173512266554846
109657,109657,1,0.28783989587287745
109658,109658,1,0.42958476398475703
109659,109659,1,0.42273150819163563
109660,109660,1,0.2822714743834928
110222,110222,1,0.42718701113018315
110562,110562,2,0.6603932767761937
110563,110563,2,0.6716034726654087
110564,110564,2,0.48517047017905146
111079,111079,1,0.5241719349034142
111080,111080,1,0.42528063434536445
111081,111081,1,0.6254362662969009
111082,111082,1,0.6876116341855172
111083,111083,1,0.6003657017689986
111084,111084,1,0.5082259026802703
111749,111749,2,0.2498877196171866
111750,111750,2,0.2519833053495322
111751,111751,2,0.26934858216835245
111752,111752,2,0.2247549740467589
111753,111753,2,0.25775962380503326
111788,111788,1,0.587315918102263
111789,111789,1,0.6444451099353048
114037,114037,1,0.6613481972175783
114038,114038,1,0.719733796854476
114039,114039,1,0.621080029525959
114041,114041,1,0.45158377424556034
114087,114087,1,0.2606123186314367
114088,114088,1,0.26348827564458505
114089,114089,1,0.2617895131915942
114090,114090,1,0.2664515858102861
114091,114091,1,0.26645059754115047
114092,114092,1,0.2561883590306383
114093,114093,1,0.23874472655241807
114331,114331,1,0.32741864249043423
114332,114332,1,0.2303576168636264
114333,114333,1,0.36700926074702545
114937,114937,1,0.3983234789451106
114938,114938,1,0.5030754654362665
115058,115058,1,0.35145113176957793
115059,115059,1,0.5625553956270422
115409,115409,1,1.0634305524151286
115410,115410,1,0.9544942855335216
115411,115411,1,0.953929152147547
115412,115412,1,0.9544817855156252
116604,116604,2,0.2514165494220173
116605,116605,2,0.24851023647991757
116606,116606,2,0.2563152072994029
116607,116607,2,0.257237702138687
116608,116608,2,0.38605803614078305
116609,116609,2,0.3053518916500954
116808,116808,1,0.571663506151356
116809,116809,1,0.4898315915881436
116859,116859,1,0.6152990105955124
116861,116861,1,0.23806773270335527
116862,116862,1,0.6463219317253596
116863,116863,1,0.30131792220878945
116866,116866,1,0.41781841538654185
116867,116867,1,0.2494176637967353
117663,117663,1,0.4762802164775338
117664,117664,1,0.681845208358404
118214,118214,1,0.38738721116306957
118215,118215,1,0.3427602809709441
118216,118216,1,0.33447531720667273
118743,118743,1,0.4039838005253063
119339,119339,1,0.38339525031336386
119340,119340,1,0.49553909669655255
119341,119341,1,0.5112039892527113
119342,119342,1,0.46303858493325695
119482,119482,1,0.3858909051679189
119483,119483,1,0.3345557472981486
119664,119664,1,0.3615751107440399
119684,119684,1,0.2927375731685135
119685,119685,1,0.3363058635970498
119686,119686,1,0.3786609577583905
119687,119687,1,0.5427871283833403
119688,119688,1,0.48825809537238607
119689,119689,1,0.5061106478516072
119984,119984,2,0.24648972962192794
119985,119985,2,0.24638201221872255
119986,119986,2,0.24630853041886241
120296,120296,1,0.5383574010567451
120297,120297,1,0.319654174251403
120298,120298,1,0.3206531328241252
120299,120299,1,0.26214892158755987
120300,120300,1,0.28851918040407426
120789,120789,1,0.26173735497935674
120790,120790,1,0.2650156663641733
120938,120938,1,0.24863484537184954
121467,121467,1,0.38636966235431414
121927,121927,1,0.648660276679073
121928,121928,1,0.6490297854898407
121929,121929,1,0.6462486683041452
121930,121930,1,0.5765603312878044
121931,121931,1,0.746080126845808
121932,121932,1,0.7467867019724003
121933,121933,1,0.8144959617860837
121934,121934,1,0.7840027007019097
121935,121935,1,0.8417611563661267
122225,122225,1,0.45493409927493017
122252,122252,1,0.22792275170248233
122253,122253,1,0.2250790613462897
122914,122914,1,0.25415538327026793
122915,122915,1,0.26930993062281283
122916,122916,1,0.26933879365055385
122917,122917,1,0.2571365531247693
122918,122918,1,0.24768736194071206
122919,122919,1,0.26040542367270786
123223,123223,1,0.60008444973113
123408,123408,1,0.2562815507124302
123409,123409,1,0.24460187439303901
124307,124307,1,0.3695399184059298
124531,124531,1,0.3074455276685825
124532,124532,1,0.33280531123976914
124533,124533,1,0.3348888112109075
124534,124534,1,0.3673740199963262
124535,124535,1,0.3675195261879442
124536,124536,1,0.3681710284827588
124537,124537,1,0.3627190449977838
124538,124538,1,0.364386800125454
124817,124817,2,0.3106526948038421
124818,124818,2,0.31261017078817505
124819,124819,2,0.31316377757901054
125106,125106,1,0.3519248478508864
125107,125107,1,0.3528926365083773
125209,125209,1,0.4048268512531261
125210,125210,1,0.4018264368697536
126095,126095,1,0.32799663662536277
126096,126096,1,0.32806751582074645
126097,126097,1,0.3280859486940523
126098,126098,1,0.42409838462426475
126099,126099,1,0.426087064222985
126100,126100,1,0.5412891140577035
126101,126101,1,0.5442146431272225
126102,126102,1,0.5684903619903747
126545,126545,2,0.38474784006075474
126556,126556,1,0.40957634006360955
126883,126883,1,0.23505834824101035
126884,126884,1,0.23244763807642618
126885,126885,1,0.26506570952507313
126938,126938,1,0.2684837452502544
126945,126945,2,0.25405476332115023
127500,127500,1,0.6841145091192952
127501,127501,1,0.366736923784574
127502,127502,1,0.403868917346461
127641,127641,2,0.21349978909223719
127642,127642,2,0.21781946704400293
127643,127643,2,0.2161639118696683
127843,127843,1,0.4273878349511651
127844,127844,1,0.35001858526878393
128053,128053,1,0.4274280825511582
128054,128054,1,0.4276569755009546
128055,128055,1,0.4449884461067616
128056,128056,1,0.4460190342850229
128057,128057,1,0.42214725345126974
128058,128058,1,0.4147080617466461
128059,128059,1,0.4191351276066906
128060,128060,1,0.44330945037575986
128061,128061,1,0.40238495497083887
128062,128062,1,0.4194977339391175
128063,128063,1,0.47225595939810633
128064,128064,1,0.4654688747616062
128065,128065,1,0.5404198929068987
128675,128675,2,0.22623416895431595
128676,128676,2,0.2292847902422637
128677,128677,2,0.22589800494823764
128678,128678,2,0.23986597217472685
128679,128679,2,0.23964618599734488
128823,128823,2,0.18918501730059445
129388,129388,1,0.5120984030272039
129389,129389,1,0.5410781651989774
129390,129390,1,0.48803227312401953
129391,129391,1,0.44803825603810743
129752,129752,1,0.6731096564592884
129773,129773,2,0.23380484107766558
130002,130002,1,0.3530776047393187
130003,130003,1,0.3650495262018508
130004,130004,1,0.3650510613706545
130005,130005,1,0.3727677254710648
130006,130006,1,0.3726911792004997
130009,130009,1,0.3520347707842675
130010,130010,1,0.3520722451478991
131263,131263,1,0.2148463277612663
131264,131264,1,0.21797608368203591
131265,131265,1,0.24098100548412243
131811,131811,1,0.5586287022443069
131812,131812,1,0.5300955241373035
131994,131994,1,0.5847146279724373
132198,132198,1,0.2568052992957695
132199,132199,1,0.6319880080273382
132200,132200,1,0.6452068782563933
132201,132201,1,0.4707775773049229
132202,132202,1,0.3348030723788388
132203,132203,1,0.31033847840840517
132204,132204,1,0.30359839102024316
132205,132205,1,0.35743956622063555
132206,132206,1,0.5892351076192208
132207,132207,1,0.5694745822460683
132245,132245,1,0.26438573932644066
133680,133680,1,0.44296207711502134
133681,133681,1,0.27863058510425304
133682,133682,1,0.6370825001743491
133683,133683,1,0.6549886184644315
133814,133814,2,0.47572570290514365
133815,133815,2,0.46650810152082167
133816,133816,2,0.5077576485237311
133817,133817,1,0.5092750126836488
133818,133818,1,0.5095175245000069
133819,133819,2,0.2291344009453359
133820,133820,2,0.2299064282895778
133821,133821,2,0.21658053841646335
133822,133822,2,0.23674958819544736
133823,133823,2,0.36795916246817895
133824,133824,2,0.36563744270498133
133917,133917,2,0.29987827449502036
133918,133918,2,0.18129998149486737
133976,133976,1,0.2886448066498408
133977,133977,1,0.2001545515430619
133978,133978,1,0.23877044529927144
133979,133979,1,0.34001255774216543
133980,133980,1,0.3742415998757613
133981,133981,1,0.40296696370008056
133982,133982,1,0.4677182222776782
134650,134650,1,0.45652786833306197
134651,134651,1,0.4559702364935728
134652,134652,1,0.4568460508818732
134653,134653,1,0.45328103016938437
135169,135169,2,0.4678167745275198
135170,135170,2,0.29487835695823744
135209,135209,1,0.6014737382299177
135210,135210,1,0.5976625636748079
135211,135211,1,0.6180211949389228
135212,135212,1,0.33907855129987835
135213,135213,1,0.3538855920920386
135318,135318,1,0.3949322535369895
135319,135319,1,0.46798311789954466
135320,135320,1,0.47124290219163406
135673,135673,1,0.19846821376573667
135674,135674,1,0.18984182692898025
135889,135889,2,0.36918150938779903
135890,135890,2,0.371390938960416
135891,135891,2,0.372822186439981
136725,136725,1,0.4064513281021453
136726,136726,1,0.43445662114630346
137739,137739,1,0.7052330848440126
138305,138305,1,0.44237851461560396
138306,138306,1,0.439828702257867
138307,138307,1,0.6872364001447313
138521,138521,1,0.34156496905143036
138923,138923,1,0.7818574361774543
138924,138924,1,0.7674223806603723
138925,138925,1,0.7675382822775904
138926,138926,1,0.7935113082742027
138927,138927,1,0.7771024246657774
138928,138928,1,0.6554838948287058
139091,139091,1,0.5661390395773678
139092,139092,1,0.44992475577121077
139172,139172,1,0.3452866579203601
139176,139176,1,0.5435250525815115
141107,141107,1,0.403332547059995
141108,141108,1,0.4074340118279701
141109,141109,1,0.4951379024855441
141111,141111,1,0.5568929882421485
141112,141112,1,0.5194052072408507
141113,141113,1,0.3838602382626419
141127,141127,1,0.31768344615736893
141128,141128,1,0.318026982293767
141144,141144,1,0.3531145385860411
141145,141145,1,0.35273491869957607
141146,141146,1,0.36163351317279446
141147,141147,1,0.36185219790913903
141798,141798,1,0.3849303256321467
141802,141802,1,0.5272137791662732
142748,142748,1,0.5927320300174171
144011,144011,1,0.5505054083761042
144012,144012,1,0.6251607193413822
144013,144013,1,0.688900699513734
144014,144014,1,0.719839598402009
144172,144172,2,0.6563455352110926
144173,144173,2,0.6952377819841186
144182,144182,2,0.20827621374660105
144245,144245,1,1.3150189852671466
144247,144247,1,0.43207000092245307
144248,144248,1,0.414896491210729
144249,144249,1,0.39894193236501646
144250,144250,1,0.39352592100942385
144251,144251,1,0.3904922636006662
144252,144252,1,0.38750227682618726
144253,144253,1,0.38603683968935354
144929,144929,2,0.3819241973768171
144930,144930,1,0.38995114561920985
144931,144931,1,0.4214910005798518
145693,145693,1,0.3104446489708945
145694,145694,1,0.3100810368435952
145695,145695,1,0.33386189899975377
145696,145696,1,0.33504785463893433
145697,145697,1,0.3313579998623163
145698,145698,1,0.3320112719908929
145904,145904,1,0.29296416917654017
145905,145905,1,0.2955402237345784
146190,146190,1,0.3717407461856385
146430,146430,1,0.3446898948682977
147446,147446,1,0.38152156352369204
147618,147618,1,0.32357176815585187
148245,148245,2,0.14870850521836615
148246,148246,2,0.14252701790294017
148247,148247,2,0.17170901291924243
148720,148720,2,0.2726774405279846
148761,148761,1,0.4390303710496682
148762,148762,1,0.4399287372339645
148763,148763,1,0.4403836488083271
148776,148776,1,0.3787877746896495
148777,148777,1,0.6006530030567477
148781,148781,1,0.9267918610803161
148782,148782,1,0.9192914574965485
148927,148927,1,0.4901537619262124
148928,148928,1,0.5870657759063799
149624,149624,1,0.6315278838866506
150502,150502,1,0.30430319255396354
150503,150503,1,0.30860192143965076
150504,150504,1,0.3098448960710228
150505,150505,1,0.32395531556830487
150506,150506,1,0.350319609881441
150507,150507,1,0.22622755076246745
150508,150508,1,0.2138065053922589
150509,150509,1,0.22321662339721787
150537,150537,1,0.2771704778582034
150538,150538,1,0.2782638613386611
150671,150671,2,0.8983650049451818
150673,150673,1,1.024305695810147
152071,152071,1,0.6375385984827618
152072,152072,1,0.24490075834312283
152330,152330,1,0.4560036054975371
152331,152331,1,0.4547077446371151
152332,152332,1,0.46125704169192006
152334,152334,1,0.45847658251311224
152335,152335,1,0.46091505473020666
152336,152336,1,0.47456537010625943
152337,152337,1,0.4895550718141282
152338,152338,1,0.5001517701588324
152339,152339,1,0.5250732217937132
152351,152351,1,0.4349543219402677
152823,152823,1,0.350733156416219
152824,152824,1,0.31948257305100647
152825,152825,1,0.3123305070062106
152826,152826,1,0.31223277742259536
153102,153102,2,0.2252642506750957
153103,153103,2,0.2262053242627804
153104,153104,2,0.37005010183397524
153105,153105,2,0.35596646951455635
153145,153145,1,0.3933976798032223
153702,153702,2,0.24585126624910672
153703,153703,1,0.4403574495436846
153704,153704,1,0.396900930239428
153736,153736,1,0.4447357933552777
153737,153737,1,0.5128749730460219
153738,153738,1,0.5308566282734377
155182,155182,1,0.48940073221466496
155183,155183,1,0.1906190327609356
155184,155184,1,0.20725317773277455
155511,155511,2,0.21812867504053443
155512,155512,2,0.22663937126951522
155597,155597,1,0.4623953100722043
155598,155598,2,0.24063233721036256
155599,155599,2,0.39243718572833974
155621,155621,1,0.5052799131942318
155622,155622,1,0.6217502707362107
155623,155623,1,0.5349130638086124
155629,155629,1,0.36558979228138044
155630,155630,1,0.37395824409476386
155780,155780,1,0.5264017934295611
155781,155781,1,0.5185644926812681
157352,157352,1,0.42419357540532415
157353,157353,1,0.41402209523151307
157805,157805,2,0.30627963531372476
157806,157806,2,0.6713429027521501
158185,158185,2,0.2999058650901272
158186,158186,2,0.29838445919242335
158372,158372,1,0.36242931506994214
158373,158373,1,0.3624849693026506
158374,158374,1,0.3622061885503887
158797,158797,1,0.710563553323202
158798,158798,1,0.735654851252334
158799,158799,1,0.740527598565734
158800,158800,1,0.8094200211218411
158801,158801,1,0.7716086748344166
158802,158802,1,0.8449598042311316
158803,158803,1,0.8671223324408565
159505,159505,1,0.7829653910698052
159506,159506,1,0.7771203949365272
159819,159819,1,0.36456892314327066
160109,160109,1,0.8860301461550154
160110,160110,1,0.8833390167783942
160111,160111,1,0.8750496283931747
160112,160112,1,0.870186127874259
160113,160113,1,0.8694293794640837
160114,160114,1,0.8242757053001488
160115,160115,1,0.7213567210304119
160279,160279,1,0.3482422803278453
160280,160280,1,0.3484051515137593
160281,160281,1,0.3493981564083275
160282,160282,1,0.3614806946696174
160289,160289,1,0.38422752508138247
160290,160290,1,0.37502510178225995
160304,160304,1,0.37407408920786034
160824,160824,1,0.3642719514692069
161005,161005,1,0.9455814306108383
161007,161007,1,0.5205895661479701
161140,161140,1,0.7879609774342202
161141,161141,1,0.7158374723874878
161142,161142,1,0.6866187306979014
161143,161143,1,0.5224079712296045
161144,161144,1,0.6105948596313961
161145,161145,1,0.6530471203971431
161146,161146,1,0.6883368317640032
161147,161147,1,0.6832605460996889
161148,161148,1,0.7166345624644478
161308,161308,1,0.8212483621701094
161309,161309,1,0.911097895523644
161310,161310,1,0.8895307090147904
162645,162645,1,0.20538026499568823
163411,163411,1,0.3249644728390036
163412,163412,1,0.316828503041751
163413,163413,1,0.3146792928840761
163414,163414,1,0.2907851253236654
163415,163415,1,0.29129475804838506
163416,163416,1,0.27688840459375125
163417,163417,1,0.27213521378642436
163418,163418,1,0.2632982659831138
163419,163419,1,0.2589958673177227
163420,163420,1,0.2549693980790935
163421,163421,1,0.25486691719285187
163422,163422,1,0.25572895116095495
163423,163423,1,0.2558221418417411
164059,164059,1,0.23982289190993591
164480,164480,1,0.3138593330957936
164493,164493,1,0.7224736479050501
164494,164494,1,0.6853747725992353
164703,164703,1,0.6727305711537706
165257,165257,1,0.637597346145309
165258,165258,1,0.6248374114865693
165259,165259,1,0.4254312697867461
165772,165772,1,0.4093171296677363
166598,166598,2,0.17744430704472877
166600,166600,2,0.3029857410787026
166601,166601,2,0.31960688666133785
167466,167466,1,0.2994609359529532
167467,167467,1,0.2993855863691354
167712,167712,1,0.5539471452232496
167713,167713,1,0.5540624602503661
167714,167714,1,0.5509942247196796
167715,167715,1,0.541791054855369
167716,167716,1,0.5424442482906443
168049,168049,1,0.42064927313932904
168050,168050,1,0.43363407410995086
168051,168051,1,0.48568044600883636
168052,168052,1,0.48300826513221046
168107,168107,1,0.4860454796991035
168108,168108,1,0.4846456381068809
168109,168109,1,0.48781142167234737
168430,168430,1,0.6879867601109831
168445,168445,1,0.2299241021976104
168446,168446,1,0.25834425994066146
168447,168447,1,0.25864741913355466
168452,168452,1,0.3740351064454301
168453,168453,1,0.3653974801406836
169148,169148,1,0.3642566137455103
169149,169149,1,0.3709590203684753
169150,169150,1,0.377490552516258
169151,169151,1,0.3809625158718409
169152,169152,1,0.3899114606207759
169153,169153,1,0.42896303049747964
169154,169154,1,0.5090198104942453
169155,169155,1,0.6078856772157039
169170,169170,1,0.3386782444054926
169171,169171,1,0.3192795231076581
169172,169172,1,0.4320012300792219
169175,169175,1,0.4771087339432818
169176,169176,1,0.4772404790053412
169177,169177,1,0.37004529258514113
169178,169178,1,0.3164555095334911
169179,169179,1,0.4310226953085161
169180,169180,1,0.4448306261195061
169423,169423,1,0.7840872940752484
169424,169424,1,0.7803901895254178
169425,169425,1,0.8961533189511367
169619,169619,1,0.40826748689100295
169620,169620,1,0.40561858758535957
169621,169621,1,0.41061292878424716
169978,169978,1,0.4208905253215479
170179,170179,1,0.37183206686187614
170855,170855,1,0.30211457393497626
170856,170856,1,0.3026660589473902
170857,170857,1,0.3059303110278528
171154,171154,1,0.3321697344625249
171225,171225,2,0.7866741312861641
171359,171359,1,0.612090969409498
171858,171858,1,0.24951758622348164
171859,171859,1,0.5228298985581117
171860,171860,1,0.6155695371409552
172370,172370,1,0.7621993682852082
172371,172371,1,0.834679865416229
172372,172372,1,0.8160433988364416
172373,172373,1,0.8138418063220735
172374,172374,1,0.8357192714201437
172509,172509,1,0.4514028035373741
172534,172534,2,0.5324183026201103
173548,173548,1,0.4247964201098959
173549,173549,1,0.43324410355677256
173555,173555,1,0.9567516518524596
173556,173556,1,0.9557447624148265
173557,173557,1,0.9445810601597022
173558,173558,1,0.9293007712059401
173559,173559,1,0.8869197342006437
173560,173560,1,0.7797550824079674
173561,173561,1,0.691831891924939
173562,173562,1,0.49526889131467194
173563,173563,1,0.5243244579196962
173564,173564,1,0.6637241215265655
173958,173958,1,0.4493923136514022
173961,173961,1,0.44732117302366703
173962,173962,1,0.4346537894399105
173963,173963,1,0.434867785159476
173964,173964,1,0.3312309663260209
173965,173965,1,0.35382200971895
173969,173969,1,0.35651842717054155
174325,174325,2,0.18640115670539553
174666,174666,1,0.4584855505515336
174681,174681,1,0.9343274483275922
174682,174682,1,0.608104450850273
174683,174683,1,0.6195876194820495
174684,174684,1,0.4979658614840887
174685,174685,1,0.49046777334078995
174686,174686,1,0.25501587607665727
174687,174687,1,0.24208275759112988
174688,174688,1,0.22594047707742232
174689,174689,1,0.22414544841944087
174690,174690,1,0.22495548817028815
174691,174691,1,0.21264782720487693
174692,174692,1,0.2161308511141261
174693,174693,1,0.21992392051265225
175649,175649,1,0.42125625718431403
175650,175650,1,0.367076764679652
175652,175652,1,0.32406282592042335
175653,175653,1,0.3242917365099779
176369,176369,1,0.3239436057662644
176498,176498,1,0.4315780723198746
176499,176499,1,0.42611281262068856
176643,176643,1,0.4878162670936088
176644,176644,1,0.5127196700379121
176646,176646,1,0.5173314952328106
176650,176650,1,0.31403652424577333
176651,176651,1,0.309274768143283
176652,176652,1,0.3041761565383302
176653,176653,1,0.2993510863095653
176791,176791,1,0.22139001880905285
176792,176792,1,0.21147874593580368
176793,176793,1,0.20800725878958068
176794,176794,1,0.19578071767545419
176795,176795,1,0.19434833234824336
176796,176796,1,0.19376760048258404
176797,176797,1,0.19281051550206307
176861,176861,1,0.5343046281718481
176862,176862,1,0.5925561384910574
176863,176863,1,0.5746562060781254
176864,176864,1,0.5084192513126532
176865,176865,1,0.7645848797386646
176866,176866,1,0.8011943453172188
176867,176867,1,0.8017404081506175
176868,176868,1,0.6805677676933066
176869,176869,1,0.6807508042136438
177587,177587,2,0.22338110307870357
177789,177789,1,0.9655833357735091
177790,177790,1,0.9660096731158616
177791,177791,1,0.9616784748011908
177792,177792,1,0.9450853284470476
177793,177793,1,0.8263186915634662
177794,177794,1,0.7097084031756408
177795,177795,1,0.6788410801529657
177796,177796,1,0.6744768300956898
178424,178424,1,0.4426031765083038
178880,178880,1,0.4417371217474893
178881,178881,1,0.44324277329151385
179096,179096,1,0.5814746075212153
179097,179097,1,0.45164151290323934
179659,179659,1,0.2167690698798842
179660,179660,1,0.3199732582550298
179979,179979,1,0.29122976585243276
180871,180871,1,0.5700749123214484
180872,180872,1,0.5857045994124663
180873,180873,1,0.577275783604397
180874,180874,1,0.2684137982260056
181704,181704,1,0.40611617162302766
181705,181705,1,0.3635102652937904
181706,181706,1,0.3681850625954471
181707,181707,1,0.28977425266040996
181708,181708,1,0.23378616200293625
181800,181800,2,0.27011291238719676
182370,182370,1,0.26017616709353725
182371,182371,1,0.2595841186764784
182372,182372,1,0.2592943267497566
182373,182373,1,0.2666914314514041
182374,182374,1,0.29391029328891694
182375,182375,1,0.2928463871067722
182376,182376,1,0.2927638600778923
182377,182377,1,0.2925593070343041
183386,183386,2,0.43420517760105537
183879,183879,1,0.33975193533118225
183880,183880,1,0.46770130776987234
185102,185102,1,0.3925743044475035
185103,185103,1,0.39404282536004565
185104,185104,1,0.4231797669194489
185105,185105,1,0.40909759239106835
185106,185106,1,0.41638305673330467
185107,185107,1,0.3941442234691324
185108,185108,1,0.40467624716710177
185620,185620,1,0.3598114982100529
185621,185621,1,0.3438142345612995
185985,185985,1,0.3682202805564149
186443,186443,1,0.48276935673462257
186444,186444,1,0.4137987980997299
187033,187033,1,0.3643086600207917
187036,187036,1,0.3547497489526821
187037,187037,1,0.35470381496718106
187528,187528,1,0.2554665687419752
187529,187529,1,0.2546233113732023
187530,187530,1,0.24976276631949162
187658,187658,1,0.27668863855639714
187659,187659,1,0.22871260479017078
188119,188119,1,0.3361367273274931
189201,189201,2,0.2906003358332118
189798,189798,1,0.506258239168583
189799,189799,1,0.38548561952457994
189800,189800,1,0.38398802679675975
189801,189801,1,0.3814018936041655
189802,189802,1,0.37158628718658826
189803,189803,1,0.37288601680865896
189804,189804,1,0.3867417715412878
189997,189997,1,0.8670270966832063
189998,189998,1,0.7128449492994955
189999,189999,1,0.6862304931631884
190134,190134,1,0.5027152946369573
190135,190135,1,0.2622770483010582
190136,190136,1,0.5330747696809272
190137,190137,1,0.5548439969238057
190138,190138,1,0.4759139273562933
190142,190142,1,0.4411791696729349
190143,190143,1,0.4104790089901636
190539,190539,1,0.8653838497929144
190868,190868,1,0.3644806257057281
191227,191227,1,0.7715244306215616
191228,191228,1,0.6587836992821627
191229,191229,1,0.6754029495268167
191329,191329,1,0.2821409039636283
191330,191330,1,0.2797178746480697
191463,191463,1,0.46316716147616027
191464,191464,1,0.4610128241843053
191465,191465,1,0.46105357616605996
191466,191466,1,0.4583888930620148
191467,191467,1,0.45706868979277543
191641,191641,1,0.5762332156040081
191642,191642,1,0.580844404364524
191859,191859,2,0.3129498763693639
191860,191860,2,0.24032513340391096
191861,191861,1,0.5102502115867047
191862,191862,1,0.5870090411455585
191863,191863,2,0.49452424022438746
191864,191864,2,0.3887328356865575
191865,191865,2,0.2600695112308123
191866,191866,2,0.25707597021741124
191867,191867,2,0.2761131046454639
191868,191868,2,0.2765144687265575
191869,191869,2,0.27559523090641885
191870,191870,2,0.2701309979525665
191871,191871,2,0.30391428230652534
192147,192147,1,0.4008329209482169
192148,192148,1,0.476829228584853
192149,192149,1,0.6311809761706116
192857,192857,1,0.9662517942145761
192858,192858,1,0.968798589067812
192859,192859,1,0.7387118156621895
193735,193735,1,0.9486968853387235
193736,193736,1,0.9413395250996318
193737,193737,1,0.6965504167323321
193738,193738,1,0.695780774164753
193739,193739,1,0.7186900621398598
193740,193740,1,0.5597054951665641
193741,193741,1,0.751816454785431
193742,193742,1,0.6802710042727322
193743,193743,1,0.7715004260081199
194470,194470,1,0.6016861622128651
194477,194477,1,0.3867652933712423
194480,194480,2,0.2680594422451449
194481,194481,2,0.27612559086585475
194768,194768,1,0.36304326297584577
195080,195080,1,0.5392055252977558
195081,195081,1,0.6350970629268884
195082,195082,1,0.6378796277942903
196481,196481,1,0.5176542993350898
196482,196482,1,0.5505376199598119
196493,196493,1,0.4453772350334385
196615,196615,2,0.39262444842385136
196616,196616,2,0.2667717387702357
196617,196617,2,0.23571831258780898
197042,197042,2,0.203719979062372
197043,197043,1,0.9867306147861419
197048,197048,2,0.20570075147122466
197049,197049,2,0.2081218007500431
197050,197050,2,0.20916618452622127
197476,197476,2,0.20086691094414993
197501,197501,1,0.757974980404249
197502,197502,1,0.7742071045796516
197503,197503,1,0.6897537110411309
197878,197878,1,0.5027457370740713
197879,197879,1,0.4202749749065035
198012,198012,1,0.6336954608420432
198187,198187,2,0.20824667452537246
198195,198195,2,0.20859339950341468
198196,198196,2,0.21037423321416862
198201,198201,1,0.8777053784420822
198586,198586,1,0.5366979482832068
198587,198587,1,0.3401323817812813
198867,198867,1,0.4321872528421021
198982,198982,1,0.2922422580955547
199015,199015,2,0.38642473575238984
199323,199323,1,0.3217760978263882
199324,199324,1,0.32357121375485426
199325,199325,1,0.31666775223718024
199326,199326,1,0.5588628765503236
199763,199763,1,0.6840776222432865
199765,199765,2,0.6933045522050696
199766,199766,2,0.5114926740414311
199767,199767,2,0.46724383197853553
199768,199768,2,0.480908826633226
199859,199859,2,0.20356176928173142
200347,200347,1,0.45788538166784276
200348,200348,1,0.4563133710258616
200349,200349,1,0.4558714515982611
200350,200350,1,0.45507093337871446
200351,200351,1,0.4530870400411147
200352,200352,1,0.4510196098371704
200353,200353,1,0.45400326923320716
200738,200738,1,0.49648353870734324
201271,201271,1,0.2911704449710496
201272,201272,1,0.2756695483127103
201273,201273,1,0.27051137181184587
201274,201274,1,0.21107551603256322
201275,201275,1,0.21151791930871716
201796,201796,1,0.6037503025755756
201797,201797,1,0.6032691523645937
201798,201798,1,0.2311828621763384
201799,201799,1,0.25496581272408264
201884,201884,1,0.3587602135076663
201885,201885,1,0.36540162491041517
201886,201886,1,0.20737408456673476
202245,202245,1,0.7269652128926801
202246,202246,1,0.6936067575049466
202247,202247,1,0.44770411353225964
202248,202248,1,0.37818369466593516
202249,202249,1,0.8025696455597124
202250,202250,1,0.8439630586486369
202251,202251,1,0.7821542887681155
202252,202252,1,0.737178651095961
202253,202253,1,0.8189331850372994
202254,202254,1,0.4139359334187682
202300,202300,1,0.25349217844777316
202301,202301,1,0.25897515050649467
202309,202309,1,0.3525782906459689
202779,202779,1,0.39166798559399535
202780,202780,1,0.3893758568896562
202928,202928,2,0.3261448023544429
203068,203068,1,0.5344105572536818
203069,203069,1,0.49208055032788217
203070,203070,1,0.40868236004977576
203071,203071,1,0.24199394478823236
203106,203106,1,0.3359577539454433
204342,204342,2,0.5674043602453374
204382,204382,2,0.4540652355771547
205080,205080,1,0.37218247930759385
205081,205081,1,0.3719381429550347
205178,205178,1,0.2572960481372727
205179,205179,1,0.27780372017708155
205823,205823,1,0.37511809129924567
205824,205824,1,0.36626651653519443
205825,205825,1,0.38167729609146844
205826,205826,1,0.392759119252057
206360,206360,1,0.48848328789330575
206361,206361,1,0.5061111876544521
206730,206730,1,0.5611473401141814
206731,206731,1,0.2460345712664696
206805,206805,1,0.38643167185263944
206806,206806,1,0.3234570574872634
207808,207808,1,0.885001433804453
207809,207809,1,0.8867351405909072
207810,207810,1,0.9972687527688237
207811,207811,1,0.88909347582374
207812,207812,1,0.6164157794199893
207813,207813,1,0.8961212273336088
208301,208301,1,0.301552723649127
208381,208381,1,0.36368402723473214
208639,208639,2,0.17384631658439678
208640,208640,2,0.17252605149885897
208641,208641,2,0.12485481897306683
208900,208900,2,0.2203586095017379
208901,208901,2,0.24776907649369204
208902,208902,2,0.24741290922886391
208903,208903,2,0.24713861674308746
208904,208904,2,0.2470115138972969
209014,209014,1,0.3567220172261119
209016,209016,1,0.5234251221535599
209017,209017,1,0.5218613516523394
209018,209018,1,0.522314296555025
209258,209258,2,0.21270372295184461
209340,209340,2,0.6631674482333042
209341,209341,2,0.3622535684303824
209807,209807,1,0.6788527640840004
210046,210046,1,0.4181094817015369
210057,210057,1,0.35710570914387496
210058,210058,1,0.33841853446574743
210059,210059,1,0.31208610629084066
210060,210060,1,0.19554332873427283
210061,210061,1,0.1864003424587021
210062,210062,1,0.40408650021011105
210063,210063,1,0.4024749150597992
210064,210064,1,0.3725636627145831
210065,210065,1,0.3567745943050306
210147,210147,1,0.4775750549642631
210321,210321,1,1.0590787604629996
210322,210322,1,1.0696675085848426
210552,210552,1,0.5436507680573476
210795,210795,1,0.4875186332852853
211743,211743,1,0.31618341871249783
211744,211744,1,0.31189879967720147
211745,211745,1,0.3031171790916708
211746,211746,1,0.2913865399806933
211747,211747,1,0.39279477674907454
211748,211748,1,0.3920729860618698
211764,211764,1,0.5835000344518169
211765,211765,1,0.5718843269247654
212214,212214,1,0.5153016035229425
212215,212215,1,0.3464513319247424
212216,212216,1,0.3873541133198839
212217,212217,1,0.37938819289801123
213286,213286,1,0.35569229380199846
213322,213322,1,0.2869964995409597
213323,213323,1,0.2888021392897878
213324,213324,1,0.3374718531935758
213325,213325,1,0.36026890904336145
213326,213326,1,0.36847508882974306
213327,213327,1,0.37228540454051234
214048,214048,1,0.3903304785105314
214049,214049,1,0.3893590247751167
214050,214050,1,0.38864467082259874
214051,214051,1,0.387384859502688
214345,214345,1,0.9116772431617418
214346,214346,1,0.9106440127857024
214555,214555,1,0.19462684122089935
214556,214556,1,0.1841720491163663
214756,214756,1,0.24359093474999488
214757,214757,1,0.6131046624764159
214758,214758,1,0.2069556106205285
214759,214759,1,0.20739392616487087
214760,214760,1,0.2089649362573705
214931,214931,2,0.823681291778658
215134,215134,1,0.4554396332196087
215640,215640,1,0.6482384991552038
215641,215641,1,0.6172407208504812
215642,215642,1,0.3518925511856631
215643,215643,1,0.3519829936435479
215829,215829,2,0.22485215087952642
215830,215830,2,0.21934275579936185
215928,215928,2,0.34456512288342434
216482,216482,1,0.4284798146070284
216483,216483,1,0.5363480855038408
216484,216484,1,0.3436518291242122
216485,216485,1,0.31501677116615145
216486,216486,1,0.2912103407737634
216487,216487,1,0.2832966626688995
216488,216488,1,0.2488689871143998
216703,216703,1,0.3611165799435974
216704,216704,1,0.361058981062486
216705,216705,1,0.3612558646814121
216706,216706,1,0.36151455075076083
216707,216707,1,0.36240733816985704
216708,216708,1,0.36250585587387796
216709,216709,1,0.36273842756289637
216710,216710,1,0.3716608413823375
216711,216711,1,0.3720297981798902
216752,216752,1,0.35973249807485724
216753,216753,1,0.3596012179603307
217181,217181,1,0.3487259046547427
217249,217249,1,0.19655331609069665
217250,217250,1,0.20984214069079846
217251,217251,1,0.19776727102545702
217252,217252,1,0.2240932805301854
217253,217253,1,0.27428394870820844
217254,217254,1,0.4760943350396406
217502,217502,1,0.4204299635328675
217503,217503,1,0.39746928107005036
217504,217504,1,0.5814519141879367
217505,217505,1,0.3343660549230126
217506,217506,1,1.0453043852001735
217578,217578,1,0.38381387588088456
217579,217579,1,0.3825941908798195
217580,217580,1,0.537130693978403
217581,217581,1,0.5298302550240609
217582,217582,1,0.40351075041348705
217586,217586,2,0.271887013375169
217590,217590,1,0.408247264879182
217591,217591,1,0.4312883198016981
217592,217592,1,0.4398264421589418
217593,217593,1,0.5119045282787323
217690,217690,1,0.4696997770087645
217691,217691,1,0.46587350881532286
217693,217693,2,0.2460554466030966
217695,217695,2,0.2537977456189072
217696,217696,2,0.2331451138471755
217697,217697,2,0.23281256628836727
217698,217698,2,0.24119602868194356
217700,217700,2,0.25662774779942443
217703,217703,2,0.29820924871775145
217761,217761,1,0.4558953562380594
217814,217814,1,0.5696947419863035
217815,217815,1,0.22728314963077428
217816,217816,1,0.6421495096801175
217817,217817,1,0.4873513809283142
217859,217859,1,0.40351794617347897
