fid,MS_ID,PF_Index_Risk_equal
24341,24341,0.626755736526002
24342,24342,0.813187751701609
24343,24343,0.814555327641091
24344,24344,0.557664373184599
24345,24345,0.556717087155733
24346,24346,0.554806435426359
24347,24347,0.541989508014176
24348,24348,0.530290206580166
24349,24349,0.528592767948357
24350,24350,0.52312007614184
24351,24351,0.523787536026405
24352,24352,0.49917864822568
24353,24353,0.359953997897451
24354,24354,0.358604681242672
24355,24355,0.360032599877366
24356,24356,0.365168541275286
24357,24357,0.363742613552117
24358,24358,0.362609332630047
24359,24359,0.362184218530286
24360,24360,0.359520198305972
24361,24361,0.338781027210319
24362,24362,0.347548348208778
24363,24363,0.351571640218812
24387,24387,0.309430828172648
24388,24388,0.311345698621321
24389,24389,0.307000884924663
24986,24986,0.317652957811035
24987,24987,0.318356954881379
24988,24988,0.323548958996205
24989,24989,0.48361147212764
24990,24990,0.481819367444726
24996,24996,0.297869276844931
24997,24997,0.289736072237174
24998,24998,0.286728959171966
24999,24999,0.285296367406684
25000,25000,0.277880316496903
25001,25001,0.260682469512838
25002,25002,0.258357605662308
25187,25187,0.351573646740475
25188,25188,0.35444623306218
25189,25189,0.352327518858194
25190,25190,0.350771350363423
25191,25191,0.348707775624008
25910,25910,0.395833333333333
26337,26337,0.458193947969157
26338,26338,0.460771652251096
26339,26339,0.460994754804283
26340,26340,0.461433296405628
26341,26341,0.462198812276907
26342,26342,0.462975484064987
26343,26343,0.520833333333333
26344,26344,0.520833333333333
26345,26345,0.520833333333333
26432,26432,0.307841926762714
26433,26433,0.293961482049342
26434,26434,0.292726630624996
26435,26435,0.291469472825033
26436,26436,0.288866868940986
26439,26439,0.250964069769437
26440,26440,0.252367645327146
26441,26441,0.257187350472011
26442,26442,0.260518425320502
26443,26443,0.267305054432208
26444,26444,0.272334536037636
26445,26445,0.275337819548298
26446,26446,0.286335896945453
26762,26762,0.345530264412478
26763,26763,0.339253741721915
26764,26764,0.325281745570836
26765,26765,0.304672293693344
26766,26766,0.287462619770107
26767,26767,0.258811207760337
26916,26916,0.421384842022916
26917,26917,0.412765757502239
26969,26969,0.396009935274874
26970,26970,0.39645736236077
26971,26971,0.396060034664753
26972,26972,0.396230563022226
26973,26973,0.395713483123393
26974,26974,0.393441235617073
26975,26975,0.389937325894453
26976,26976,0.388665585000351
26977,26977,0.393287866208979
26978,26978,0.391522960336694
26979,26979,0.379891533146182
26980,26980,0.369190167240422
26981,26981,0.366063233399975
26982,26982,0.362985259929758
26983,26983,0.349455560696497
26984,26984,0.347604761231868
26985,26985,0.34532613538803
26986,26986,0.321587810804983
26987,26987,0.319999851201538
26988,26988,0.318715334885136
26989,26989,0.317716412516083
26990,26990,0.316615626062623
26991,26991,0.314887652395093
26992,26992,0.314494106889605
26993,26993,0.314199794392773
26994,26994,0.3149227494927
26995,26995,0.311544873009231
27668,27668,0.361645873719304
27669,27669,0.365382134274681
27670,27670,0.371028396304718
27671,27671,0.372383212864417
27672,27672,0.37450382495396
27673,27673,0.37630184194829
27674,27674,0.698855940044271
27675,27675,0.720930404110321
27676,27676,0.720930404110321
27677,27677,0.452576811103995
27678,27678,0.441304793186219
27679,27679,0.404585699973938
27680,27680,0.387829723378163
27681,27681,0.376014614323912
27682,27682,0.370639497715349
27718,27718,0.251511621326185
27719,27719,0.256289425178008
27720,27720,0.258651147539937
27721,27721,0.284627963849887
27723,27723,0.250403272496873
27744,27744,0.273258394692651
28335,28335,0.25544605360235
29045,29045,0.795083000583355
29200,29200,0.277238881903522
29201,29201,0.265955821247404
29223,29223,0.359583166629164
29224,29224,0.359557778262294
29225,29225,0.317639040863927
29226,29226,0.317833590933883
29227,29227,0.311314685728945
29228,29228,0.311066936802586
29229,29229,0.321819858595801
29230,29230,0.321230016311887
29231,29231,0.32065630918796
29232,29232,0.320035495438524
29233,29233,0.31921538129853
29234,29234,0.310156183145098
29235,29235,0.308535757717065
29236,29236,0.306668996899276
29237,29237,0.303419981906986
29238,29238,0.299138835851013
29239,29239,0.292785817928455
29240,29240,0.284454173115027
29241,29241,0.283494666120219
29242,29242,0.277714572605753
29243,29243,0.278134313996705
29244,29244,0.278856843715543
29245,29245,0.272135079968659
29246,29246,0.273025802286551
29247,29247,0.27336805424546
29248,29248,0.273923472308883
29249,29249,0.274117957410292
29250,29250,0.274304296138637
29251,29251,0.274430016741256
29252,29252,0.274586673919418
29253,29253,0.275401365445915
29254,29254,0.276004251333194
29255,29255,0.263474391224203
29256,29256,0.264075504152121
29257,29257,0.264442820402138
29295,29295,0.310752229521024
29296,29296,0.314426367903305
29297,29297,0.320137942031829
29298,29298,0.324446370694894
29299,29299,0.325144990272569
29550,29550,0.59981365754543
29551,29551,0.497083648949431
29552,29552,0.515550216355929
29553,29553,0.570004081134904
29554,29554,0.561503743829492
29778,29778,0.497417154175264
29779,29779,0.498736316235481
29780,29780,0.520980572596426
29781,29781,0.523704077111699
29782,29782,0.510820270783653
29783,29783,0.492929852948057
29867,29867,0.253780542156423
29868,29868,0.258029944372489
29869,29869,0.268351645577744
29870,29870,0.273763360477897
29871,29871,0.281514694852283
29872,29872,0.289254613795581
29873,29873,0.297895900960562
29874,29874,0.302089964007541
29875,29875,0.305997230665733
29876,29876,0.315742025902747
29877,29877,0.314346703401701
29878,29878,0.320459144654137
29879,29879,0.334897480971571
29880,29880,0.337082715593504
29881,29881,0.344426387831831
29882,29882,0.33864935096934
29942,29942,0.576642112394566
29943,29943,0.577097185839594
29944,29944,0.577502578105486
29945,29945,0.57869574929538
29946,29946,0.580052717889508
29947,29947,0.578811812403029
29948,29948,0.577757274462725
29949,29949,0.580715587671967
29950,29950,0.581087737456806
29951,29951,0.582820433508835
29952,29952,0.525308361339358
29953,29953,0.525524982993623
29954,29954,0.527422573949373
29955,29955,0.528097805109845
29956,29956,0.532446404579475
29957,29957,0.530337556496388
29958,29958,0.532866967412057
29959,29959,0.526061241168223
29960,29960,0.522038361548549
29961,29961,0.521345590977
29962,29962,0.520967231562656
29963,29963,0.517004744127943
30157,30157,0.4152483114864
30158,30158,0.420494107637372
30159,30159,0.421277582001009
30160,30160,0.431195075065248
30161,30161,0.441575335715933
30162,30162,0.450582383954804
30322,30322,0.313583101576589
30323,30323,0.31614960146027
30324,30324,0.316444444628388
30325,30325,0.317784029559869
30326,30326,0.327530367333345
30327,30327,0.322250165461028
30328,30328,0.322325879221726
30373,30373,0.39812020298093
30374,30374,0.398075742020868
30375,30375,0.376304443737113
30376,30376,0.368506448592538
30377,30377,0.368577069905941
30378,30378,0.375630330806086
30379,30379,0.376489089605879
30380,30380,0.376325540353361
30381,30381,0.374879608690478
30382,30382,0.376335035902039
30383,30383,0.326898529251294
30384,30384,0.324121205249135
30385,30385,0.317831863091139
30386,30386,0.311583806467315
30463,30463,0.288915405414347
30464,30464,0.302862197547409
30465,30465,0.311364472380559
30466,30466,0.334637985491574
30467,30467,0.358696270069435
30468,30468,0.876587572778857
30469,30469,0.873077059344422
30470,30470,0.652022382956989
30471,30471,0.647858201144838
30472,30472,0.625161587226203
30473,30473,0.579782988599368
30474,30474,0.579568992689299
30475,30475,0.576156153482053
30476,30476,0.583816962601317
30879,30879,0.256026054835289
30880,30880,0.257156047148752
30881,30881,0.309396919000545
30882,30882,0.355488596724544
30883,30883,0.892437376437807
30992,30992,0.640300390371564
30993,30993,0.686555261661713
30994,30994,0.686555261661713
30995,30995,0.686555261661713
30996,30996,0.686555261661713
30997,30997,0.686555261661713
31040,31040,0.261638399172601
31041,31041,0.25752750551255
31119,31119,0.290208251115789
31120,31120,0.291774111858985
31121,31121,0.295217228948947
31122,31122,0.296753626958228
31123,31123,0.305834236464154
31124,31124,0.316478740658368
31125,31125,0.817904617735226
31126,31126,0.8071175142982
31127,31127,0.80681509588367
31128,31128,0.322394083428299
31129,31129,0.315115568603805
31130,31130,0.31409246091436
31131,31131,0.253656687976257
31132,31132,0.252226858048789
31133,31133,0.25035038147974
31348,31348,0.335925366473603
31436,31436,0.259391415420587
31465,31465,0.40293868912287
31466,31466,0.401329073620346
31467,31467,0.400140093225732
31468,31468,0.400083624424294
31469,31469,0.398602005273121
31470,31470,0.426088404674097
31471,31471,0.426592294063551
31472,31472,0.42654000617225
31473,31473,0.433149674277411
31474,31474,0.449408938502044
31475,31475,0.474247879257729
31476,31476,0.562637784123096
31477,31477,0.577360714276782
31478,31478,0.587901501775035
31479,31479,0.59087927540405
31480,31480,0.417007632748758
31481,31481,0.415862573974276
31482,31482,0.411101945181392
31483,31483,0.406106538891459
31484,31484,0.406892094668819
31485,31485,0.407026549850794
31486,31486,0.408044247374573
31487,31487,0.408795277312994
31488,31488,0.409519019320745
31489,31489,0.408370576369186
31683,31683,0.25167922865164
31686,31686,0.262829267428118
31687,31687,0.278573611825701
31688,31688,0.291193770763693
31689,31689,0.30429484090576
31690,31690,0.319953630440556
31691,31691,0.32373243900396
31774,31774,0.308236120969657
31775,31775,0.308404436953257
31776,31776,0.307201053908682
31777,31777,0.305031045171074
31778,31778,0.304031419246299
31779,31779,0.334097691531069
32247,32247,0.356027469759582
32301,32301,0.286182487760833
32302,32302,0.286262068292604
32303,32303,0.288242134369391
32304,32304,0.275154038693128
32305,32305,0.275118298175215
32306,32306,0.27309336773739
32307,32307,0.272570863130809
32308,32308,0.272298343326973
32309,32309,0.270706201162909
32310,32310,0.271044395210026
32311,32311,0.271113466054682
32312,32312,0.271428822686992
32313,32313,0.269897192996689
32314,32314,0.270346163861271
32315,32315,0.270651419548454
32316,32316,0.25800351135315
32317,32317,0.258483496793851
32318,32318,0.258425175123196
32319,32319,0.265736674698943
32355,32355,0.260769024954103
32712,32712,0.252596862258046
32713,32713,0.261845192267627
32714,32714,0.269493317286572
32715,32715,0.275538164381606
32716,32716,0.280312018996922
32717,32717,0.301552026346501
32718,32718,0.320142819233384
32719,32719,0.334801851362365
32720,32720,0.347613342697683
32721,32721,0.362811189882717
32722,32722,0.387964219433106
32723,32723,0.39041611628363
32749,32749,0.342108169946687
32750,32750,0.351844758954382
32751,32751,0.351689358257656
32752,32752,0.34868130479224
32753,32753,0.349384931751608
33372,33372,0.36461867028371
33373,33373,0.371960507665635
33374,33374,0.373111785544925
33375,33375,0.375145323803357
33376,33376,0.387505721329478
33377,33377,0.390270804706979
33378,33378,0.393658849712667
33379,33379,0.403568535195523
33380,33380,0.405683928932144
33381,33381,0.406716692516315
33382,33382,0.411830428116689
33383,33383,0.412595115928791
33384,33384,0.466936298745956
33385,33385,0.470834619829288
33386,33386,0.474134085890048
33387,33387,0.474559329908323
33388,33388,0.475193239356467
33402,33402,0.320314533693011
33560,33560,0.833016140095198
33561,33561,0.833016140095198
33562,33562,0.83185651292791
33564,33564,0.293609065399094
33568,33568,0.282915726678383
33569,33569,0.293168804794724
33570,33570,0.327423781584991
33571,33571,0.330147642309965
33572,33572,0.332495907035547
33573,33573,0.335070226957487
33574,33574,0.33774057525509
33575,33575,0.341718402374554
33576,33576,0.345422655640834
34285,34285,0.271606322771651
34286,34286,0.271512759584067
34287,34287,0.271819349347918
34289,34289,0.261805330613701
34290,34290,0.262480876399847
34291,34291,0.255672632719499
34292,34292,0.253979910331593
34293,34293,0.250261835084334
34342,34342,0.33044094004341
34343,34343,0.327422607350422
34344,34344,0.324331670177948
34345,34345,0.322122766480584
34346,34346,0.319562770253879
34347,34347,0.316556796457466
34348,34348,0.282120122832533
34425,34425,0.518281901347377
34426,34426,0.516992583656576
34427,34427,0.506708753746923
34428,34428,0.502357405990806
34429,34429,0.487652597376609
34430,34430,0.482050504299464
34431,34431,0.480583721853707
34432,34432,0.480850226848679
34433,34433,0.480392284803732
34434,34434,0.480623034446628
34764,34764,0.481783971655698
34765,34765,0.475659651812469
34766,34766,0.476968508630651
34767,34767,0.473551128890634
34768,34768,0.488370038230384
34769,34769,0.569694835388029
34770,34770,0.573790944851988
34771,34771,0.575924538063396
34772,34772,0.57857460470092
34773,34773,0.875202121397374
34774,34774,0.359644062446819
34775,34775,0.336874724006825
34776,34776,0.311520540074106
34777,34777,0.304564408770737
34948,34948,0.353705282343763
34949,34949,0.359127488828811
35584,35584,0.341411121874557
35585,35585,0.342012232793539
35586,35586,0.341198456347877
35587,35587,0.343564830181094
35588,35588,0.343138961074341
35589,35589,0.342232757923507
35665,35665,0.25166511630398
35666,35666,0.251339368201963
35667,35667,0.256832058990973
35765,35765,0.390560259986106
35766,35766,0.390112559148898
35767,35767,0.389603302012795
35768,35768,0.335048514456969
35769,35769,0.335045229002504
35770,35770,0.334043691999306
36431,36431,0.339438847257564
36432,36432,0.339390159708848
36523,36523,0.31419878835907
36524,36524,0.307952533070309
36525,36525,0.30750821618203
36526,36526,0.307017697067312
36527,36527,0.304650219461743
36528,36528,0.302394535914857
36529,36529,0.301940076160086
36530,36530,0.302288280193106
36531,36531,0.304816111102311
36532,36532,0.308147844331129
36533,36533,0.319961677792296
36534,36534,0.333154976950076
36535,36535,0.335331310468086
36536,36536,0.339962015174588
36537,36537,0.374831220164552
36538,36538,0.36809820736894
36539,36539,0.374404956884724
36719,36719,0.274787283548109
36981,36981,0.417773607251662
36982,36982,0.430113854249599
36983,36983,0.42724959870285
36984,36984,0.426426402127628
36985,36985,0.425641656875597
36986,36986,0.425010772721098
36987,36987,0.424238392387344
36988,36988,0.384316755714773
36989,36989,0.822015966213164
36990,36990,0.807106352411183
36991,36991,0.308145431927838
36992,36992,0.306339019570728
37262,37262,0.258424388174912
37263,37263,0.260360115859153
37264,37264,0.263823440625439
37265,37265,0.266363244117581
37266,37266,0.273293026047461
37267,37267,0.268005589315876
37268,37268,0.271165444940481
37269,37269,0.273027171650124
37270,37270,0.274713929239175
37271,37271,0.275348008889075
37272,37272,0.276312185280505
37273,37273,0.28723031082098
37274,37274,0.291666056482663
37275,37275,0.294367809268477
37276,37276,0.29650474956762
37277,37277,0.296834571575191
37278,37278,0.296986390247217
37279,37279,0.29860418044375
37280,37280,0.298373782454281
37281,37281,0.299525086907118
37282,37282,0.298789863354791
37283,37283,0.294908981345705
37284,37284,0.294992606405715
37285,37285,0.29474211141301
37286,37286,0.289003423763774
37288,37288,0.280466250880568
37289,37289,0.280405762346258
37290,37290,0.278282818060317
37291,37291,0.276382526601629
37399,37399,0.360609428152443
37400,37400,0.362785157034054
37401,37401,0.363153634530161
37402,37402,0.364836844312817
37403,37403,0.365145755114228
37404,37404,0.368644852450341
37405,37405,0.387210005979164
37406,37406,0.388934488984126
37407,37407,0.39514576879237
37408,37408,0.720930404110321
37409,37409,0.751988987240307
37410,37410,0.751988987240307
37411,37411,0.751988987240307
37412,37412,0.751988987240307
37413,37413,0.751988987240307
37414,37414,0.47658092385078
37415,37415,0.478249243827182
37416,37416,0.451141468534566
37417,37417,0.375026156994903
37418,37418,0.360594615217917
37419,37419,0.342878727263714
37420,37420,0.332953809132941
37433,37433,0.59159793680484
37434,37434,0.574146708327025
37435,37435,0.601019040749624
37436,37436,0.605814984159665
37897,37897,0.271814674203672
37898,37898,0.295527936062476
37941,37941,0.395833333333333
37942,37942,0.395769509471776
37943,37943,0.395758980639556
37944,37944,0.395833333333333
37945,37945,0.395833333333333
37946,37946,0.395833333333333
37992,37992,0.252108218603271
37993,37993,0.256109015169058
37994,37994,0.255310930394231
37995,37995,0.253329586661385
37996,37996,0.255078428994522
37997,37997,0.254121937662923
37998,37998,0.263331838254633
37999,37999,0.293521365733993
38000,38000,0.263694827279417
38001,38001,0.256773430165737
38002,38002,0.255993674829866
38181,38181,0.258320856023847
38182,38182,0.299749263579246
38183,38183,0.302823027483414
38184,38184,0.307942264467217
38185,38185,0.307564821641506
38379,38379,0.555316949429927
38380,38380,0.533894607629654
38381,38381,0.537841943216563
38382,38382,0.522005881015195
38383,38383,0.514572589252632
38384,38384,0.487229371074987
38385,38385,0.472785106675216
38386,38386,0.466753536549612
38387,38387,0.464315098831567
38798,38798,0.35242473050819
38799,38799,0.355257083715496
38851,38851,0.343490467937316
38852,38852,0.271019193634502
38853,38853,0.269191660304546
38932,38932,0.638693639392993
39042,39042,0.255220705519461
39043,39043,0.2646359585197
39044,39044,0.264619136682346
39045,39045,0.293709721476239
39046,39046,0.438607995801636
39047,39047,0.455641402257631
39048,39048,0.460485623948707
39049,39049,0.47484370621661
39050,39050,0.484600342615143
39051,39051,0.488851126492078
39052,39052,0.493204801033165
39053,39053,0.512479354766146
39054,39054,0.517184691046247
39055,39055,0.524113781828927
39056,39056,0.529708210000936
39057,39057,0.535967416721216
39058,39058,0.544899319474609
39059,39059,0.553530523056407
39060,39060,0.583333333333333
39061,39061,0.583333333333333
39062,39062,0.583333333333333
39063,39063,0.583333333333333
39064,39064,0.583333333333333
39065,39065,0.269028952752725
39066,39066,0.255802489564068
39214,39214,0.35082962017733
39215,39215,0.352002645565686
39216,39216,0.354804521967038
39217,39217,0.358885057262697
39218,39218,0.338507084867044
39219,39219,0.354230344148881
39220,39220,0.355495419320917
39221,39221,0.355703278042075
39222,39222,0.363482373060275
39223,39223,0.36446726723595
39224,39224,0.369446299494848
39483,39483,0.343166550387868
39484,39484,0.341495342633909
39485,39485,0.339870135419318
39486,39486,0.323945500311329
39943,39943,0.284051502032614
39944,39944,0.283006968947035
39945,39945,0.275026856555814
39946,39946,0.272982002202537
39947,39947,0.260132537739739
39950,39950,0.251015667906551
40019,40019,0.272165413369637
40020,40020,0.587479824440569
40021,40021,0.587479824440569
40022,40022,0.583333333333333
40023,40023,0.316322533051421
40024,40024,0.314208523359387
40025,40025,0.301866725887495
40026,40026,0.28675736060546
40027,40027,0.26248494335154
40064,40064,0.488270821354881
40065,40065,0.758960418205781
40066,40066,0.75937845471191
40067,40067,0.349807743804382
40068,40068,0.343226953213532
40069,40069,0.343213527872737
40070,40070,0.318490644578691
40071,40071,0.311349284217236
40072,40072,0.298541910951764
40073,40073,0.292178178479185
40074,40074,0.282706345462893
40075,40075,0.274574413889076
40444,40444,0.25325309840706
40445,40445,0.265698786749181
40446,40446,0.271862129927474
40447,40447,0.289460078806897
40448,40448,0.295605575429971
40449,40449,0.302332099737358
40450,40450,0.310318513423601
40451,40451,0.313322864139432
40452,40452,0.316053131385697
40453,40453,0.329582142639986
40454,40454,0.377887405430919
40455,40455,0.381723315093207
40456,40456,0.386660867880596
40457,40457,0.876541846027423
40458,40458,0.880404617735226
40459,40459,0.379176828705678
40923,40923,0.272003406568152
40924,40924,0.302760568710164
40925,40925,0.32207044850658
40926,40926,0.341996239654937
40927,40927,0.336980505563132
40928,40928,0.352885268337036
40929,40929,0.333462092594206
40930,40930,0.358054404160769
40931,40931,0.358708240335732
40932,40932,0.374161362102079
40933,40933,0.383024702820345
40934,40934,0.392411044368062
40935,40935,0.390919367855388
40936,40936,0.392678474778648
41160,41160,0.318169150734227
41161,41161,0.342967711116474
41162,41162,0.342619672631633
41163,41163,0.332552351207475
41164,41164,0.340824374196141
41165,41165,0.336787014375897
41166,41166,0.337104243197794
41167,41167,0.346246655681403
41400,41400,0.555123629292478
41401,41401,0.554698183542592
41402,41402,0.554285390755184
41403,41403,0.554078507969687
41404,41404,0.553916632516426
41405,41405,0.553726517974125
41406,41406,0.553512046988109
41407,41407,0.365467957332102
41408,41408,0.365287374039459
41409,41409,0.365139374686334
41411,41411,0.364660942039859
41412,41412,0.364500643559694
41471,41471,0.407600714645871
41472,41472,0.407600714645871
41473,41473,0.407600714645871
41474,41474,0.407600714645871
41475,41475,0.407600714645871
41476,41476,0.407434976880906
41477,41477,0.407395940323203
41607,41607,0.832976263894263
41608,41608,0.83631404708638
41609,41609,0.835496531626051
41610,41610,0.83557344949148
41611,41611,0.255015428144684
41612,41612,0.253515405175194
41613,41613,0.254019438042209
41614,41614,0.253848519214334
41615,41615,0.254741611301426
41656,41656,0.265090418684738
41657,41657,0.269397786685936
41658,41658,0.290606555619106
41659,41659,0.264038817168032
41660,41660,0.27153613814549
41661,41661,0.275609326260261
41662,41662,0.275874815172187
41663,41663,0.276961404857745
41664,41664,0.288832210530388
41665,41665,0.289122513749743
41666,41666,0.288927677178853
41667,41667,0.288899266860049
41668,41668,0.289787452283822
41669,41669,0.286133974726352
41670,41670,0.286449872247388
41671,41671,0.343999699860848
41672,41672,0.343987884001493
41673,41673,0.344998067979043
41674,41674,0.346457285928091
41675,41675,0.352143301394239
41676,41676,0.35280649787706
41677,41677,0.350392156643092
41723,41723,0.386335996019574
41724,41724,0.391700945435625
41725,41725,0.402971139520977
41726,41726,0.40951032024872
41727,41727,0.412757423277691
41728,41728,0.4110078739359
41729,41729,0.415124939065612
41730,41730,0.418950357363396
41731,41731,0.428420359142965
41732,41732,0.448288931444688
41733,41733,0.46495914688074
41734,41734,0.467238200280214
41735,41735,0.474937475562197
41879,41879,0.296726500852195
41880,41880,0.29357353381196
41881,41881,0.293514423388595
41882,41882,0.293166832234012
41883,41883,0.292771897918379
41884,41884,0.290931777123366
41885,41885,0.288656110496583
41886,41886,0.284533470529281
41887,41887,0.283859920967399
41888,41888,0.286687611487401
41889,41889,0.286653699955149
41890,41890,0.285590647553335
41891,41891,0.283817783198994
41896,41896,0.269147933182111
41929,41929,0.257433249953946
41930,41930,0.256255807785316
41931,41931,0.255631938814747
41937,41937,0.268121727345266
41938,41938,0.267313493253762
42005,42005,0.256835383663245
42006,42006,0.583333333333333
42007,42007,0.583333333333333
42008,42008,0.583333333333333
42009,42009,0.583333333333333
42010,42010,0.559367529162847
42011,42011,0.547200786459733
42012,42012,0.534474581411539
42013,42013,0.516540884797057
42014,42014,0.504503824479481
42015,42015,0.483466278717373
42016,42016,0.473787488086948
42017,42017,0.451013166667679
42018,42018,0.429756979199238
42019,42019,0.417369842081134
42020,42020,0.396660674977091
42095,42095,0.251697814998883
42096,42096,0.25654782030873
42097,42097,0.303111397846942
42098,42098,0.304178773722246
42099,42099,0.323071937486807
42100,42100,0.323608973929532
42101,42101,0.324328980675679
42102,42102,0.346131902246325
42103,42103,0.374896632058889
42104,42104,0.758960418205781
42105,42105,0.513502396352917
42106,42106,0.471161498408024
42107,42107,0.440791032290139
42169,42169,0.304033844455683
42170,42170,0.30062395698375
42171,42171,0.284172301714985
42788,42788,0.30483900628932
42807,42807,0.515430287570352
42808,42808,0.520731637538672
42809,42809,0.522605391387897
42810,42810,0.583333333333333
42811,42811,0.520833333333333
42812,42812,0.583333333333333
42813,42813,0.583333333333333
42814,42814,0.583333333333333
42815,42815,0.36974465083355
42816,42816,0.357259538063821
42817,42817,0.348781067947856
42818,42818,0.348193842362356
42819,42819,0.341918850215003
42820,42820,0.34157249109141
42824,42824,0.269092411948481
42825,42825,0.274818226170272
42826,42826,0.269108965149338
42827,42827,0.269383349246267
42836,42836,0.261216235825392
42837,42837,0.276282470259618
42838,42838,0.278764450669876
42839,42839,0.2793354816154
42840,42840,0.26393752466735
42841,42841,0.265857252742882
42842,42842,0.268313841775353
42843,42843,0.270368098818869
42845,42845,0.252923487664144
42846,42846,0.81848659707181
42847,42847,0.632061007847075
42848,42848,0.620319323333712
42849,42849,0.567188125265504
43120,43120,0.320035546853492
43244,43244,0.251907518099087
43245,43245,0.250903446258014
43594,43594,0.371271188592958
43595,43595,0.364401546825905
43596,43596,0.360768229939888
43597,43597,0.35203781295725
43598,43598,0.700851704543048
43599,43599,0.700773577245668
43600,43600,0.700701216955224
43601,43601,0.70061341706872
43602,43602,0.700535743754472
43603,43603,0.700458190584507
43604,43604,0.700379468079098
43605,43605,0.700303104342269
43606,43606,0.700224791161438
43607,43607,0.700150291156027
43608,43608,0.700079803954289
43609,43609,0.700007327854226
43610,43610,0.699934529131727
43611,43611,0.69983295522078
43612,43612,0.699755274350853
43613,43613,0.699674091349594
43614,43614,0.699592820206113
43615,43615,0.699502844244949
43616,43616,0.699413590440657
43617,43617,0.699321933709625
43618,43618,0.699231516731289
43619,43619,0.699140867926259
43620,43620,0.699050597001116
43621,43621,0.698960258155227
43622,43622,0.698887530135224
43623,43623,0.698805157999617
43624,43624,0.698723191173565
43625,43625,0.698640401337957
43626,43626,0.698533883765561
43627,43627,0.698427103891934
43628,43628,0.698319703052925
43629,43629,0.698179027774563
43630,43630,0.6980384752195
43631,43631,0.697897936993846
43632,43632,0.697753152479331
43633,43633,0.697517166819843
43634,43634,0.697355635212141
43635,43635,0.697194131074921
43636,43636,0.686515872562044
43637,43637,0.686384852498101
43638,43638,0.68625369295462
43639,43639,0.686124578098205
43640,43640,0.685995184053713
43641,43641,0.685866613839082
43642,43642,0.685756066948835
43643,43643,0.685645075777948
43644,43644,0.685534334621381
43645,43645,0.685423037071227
43646,43646,0.685311805532862
43647,43647,0.685201729374985
43648,43648,0.685117850935535
43649,43649,0.662065480128684
43650,43650,0.661982921374771
43651,43651,0.661897090849333
43652,43652,0.66178373615107
43653,43653,0.66167013075845
43654,43654,0.661551799483845
43655,43655,0.661394219652207
43656,43656,0.661288513482722
43657,43657,0.661179700687181
43658,43658,0.661069609871506
43659,43659,0.660959733111498
43660,43660,0.660849290947503
43661,43661,0.66074556488287
43662,43662,0.660641127115557
43663,43663,0.660536672170994
43664,43664,0.670949061467434
43665,43665,0.670845207562445
43666,43666,0.670757044368594
43667,43667,0.670665592216544
43668,43668,0.670546750243896
43669,43669,0.670427254958507
43670,43670,0.670308295288446
43671,43671,0.670188479737954
43672,43672,0.670068370361678
43673,43673,0.669948417139929
43674,43674,0.669834476863292
43675,43675,0.669720232156746
43676,43676,0.66960533982635
43677,43677,0.669489704157594
43678,43678,0.669373789520692
43679,43679,0.669249953897105
43680,43680,0.66907785241896
43681,43681,0.66895133978476
43682,43682,0.668822830721674
43683,43683,0.668693790363085
43684,43684,0.668564732615595
43685,43685,0.668438589656082
43686,43686,0.668340183216317
43687,43687,0.668241578083131
43688,43688,0.668142423544296
43689,43689,0.668038805605753
43690,43690,0.667905731552207
43691,43691,0.481265644115723
43692,43692,0.481127499790893
43693,43693,0.480965450754704
43694,43694,0.480802878929236
43695,43695,0.480639217977265
43696,43696,0.480474248371914
43697,43697,0.480301201739175
43698,43698,0.480091229153936
43699,43699,0.47987894353921
43700,43700,0.479665855026413
43701,43701,0.479418976195434
43702,43702,0.47898379870278
43703,43703,0.478576160826866
43704,43704,0.311685704941251
43705,43705,0.311461788099761
43706,43706,0.311235378144965
43707,43707,0.31100762920433
43708,43708,0.310801297464551
43709,43709,0.31068468076295
43710,43710,0.310569702722184
43711,43711,0.310453765675406
43712,43712,0.310272465984727
43713,43713,0.31008844766709
43714,43714,0.293174880195094
43715,43715,0.293010050217903
43716,43716,0.292843647780924
43717,43717,0.292676268815823
43718,43718,0.292507634993007
43719,43719,0.292341171171688
43720,43720,0.292187383137121
43721,43721,0.292032843397329
43722,43722,0.291876881676276
43723,43723,0.291720340210097
43724,43724,0.291571379071714
43725,43725,0.291448531696824
43726,43726,0.291308719925604
43727,43727,0.291118648228827
43728,43728,0.29094133511976
43729,43729,0.290775563367636
43730,43730,0.29064751308069
43731,43731,0.290518935274363
43732,43732,0.290382987716428
43733,43733,0.290221565901318
43734,43734,0.290041602713412
43735,43735,0.289860426029616
43736,43736,0.28967833728714
43737,43737,0.289496485030759
43738,43738,0.289312472707137
43739,43739,0.289127430149028
43740,43740,0.288941447446775
43741,43741,0.288708062260629
43742,43742,0.288380927198482
43743,43743,0.28819283875132
43744,43744,0.288003895577994
43745,43745,0.287812446622998
43746,43746,0.287619786387143
43747,43747,0.28742602754251
43748,43748,0.287231978169507
43749,43749,0.287039672841629
43750,43750,0.286845736078621
43751,43751,0.28664946783827
43752,43752,0.286451972470147
43753,43753,0.286254037174913
43754,43754,0.286054719687953
43755,43755,0.285854721938391
43756,43756,0.285656002414527
43757,43757,0.285461414345098
43758,43758,0.28526552951881
43759,43759,0.285079543264201
43760,43760,0.284918840364017
43761,43761,0.284757647517113
43762,43762,0.284596311946127
43763,43763,0.284435403279354
43764,43764,0.284278595221772
43765,43765,0.284121266994314
43766,43766,0.283960549839202
43767,43767,0.283781836449824
43768,43768,0.283564510732048
43769,43769,0.283347309004754
43770,43770,0.283129670683012
43771,43771,0.282912784268388
43772,43772,0.282694032322035
43773,43773,0.282473188573749
43774,43774,0.282232337390629
43775,43775,0.281980006031673
43776,43776,0.281784005573634
43777,43777,0.28155410792574
43778,43778,0.281323159784021
43779,43779,0.281091479528913
43780,43780,0.280858239849277
43781,43781,0.280623042863266
43782,43782,0.280371350483377
43783,43783,0.280087452531804
43784,43784,0.279802453678688
43785,43785,0.279514273824238
43786,43786,0.279223741776563
43787,43787,0.27891416033301
43788,43788,0.278564473348934
43789,43789,0.278241539995985
43790,43790,0.277921301100551
43791,43791,0.277558869949651
43792,43792,0.277072255373257
43793,43793,0.27661437074002
43794,43794,0.276162498543236
43795,43795,0.275709236070143
43796,43796,0.275257616985836
43797,43797,0.274837399873566
43798,43798,0.274500604015157
43799,43799,0.274147445927914
43800,43800,0.273790773397202
43801,43801,0.273458254161517
43802,43802,0.273190681001763
43803,43803,0.272922143340331
43804,43804,0.272652868180046
43805,43805,0.272357423840798
43806,43806,0.272040917490158
43807,43807,0.271806012262901
43808,43808,0.271457789542525
43809,43809,0.271108728620737
43810,43810,0.270791291232932
43811,43811,0.270529115428003
43812,43812,0.270158584532179
43846,43846,0.387001526980856
43847,43847,0.387698535431452
43848,43848,0.398854298722301
43849,43849,0.406584863600479
43850,43850,0.410787110256401
43851,43851,0.434430952580088
43852,43852,0.433337439800854
44079,44079,0.410454626338238
44080,44080,0.413525999221958
44081,44081,0.430273461269478
44082,44082,0.698855940044271
44083,44083,0.698855940044271
44084,44084,0.698855940044271
44278,44278,0.255618575746415
44279,44279,0.26834603163032
44280,44280,0.273902810767483
44281,44281,0.28653116567453
44282,44282,0.315219024414493
44283,44283,0.323538017340516
44284,44284,0.33262785755008
44285,44285,0.354747891078589
44286,44286,0.367162141190159
44287,44287,0.486242803969583
44288,44288,0.568024892937036
44289,44289,0.578322934080116
44290,44290,0.581709381183761
44291,44291,0.589861260313431
44292,44292,0.593585658520527
44293,44293,0.609290893510866
44315,44315,0.494998743181821
44316,44316,0.5625
44555,44555,0.462802219134211
44556,44556,0.465368245357688
44711,44711,0.286888678767659
44712,44712,0.26143064876626
44713,44713,0.265701735043313
44714,44714,0.265977543004471
45124,45124,0.318937714776287
45125,45125,0.318052959477219
45126,45126,0.318028656145373
45127,45127,0.317154536354721
45128,45128,0.316658662411724
45129,45129,0.345834888373258
45130,45130,0.346090953267788
45981,45981,0.37110874847509
45982,45982,0.375171679354631
45983,45983,0.374983400966401
45984,45984,0.372568969161068
45985,45985,0.371552142098816
45986,45986,0.371570647835172
45987,45987,0.371924736018121
45988,45988,0.378237615140308
45989,45989,0.385804098648972
45990,45990,0.390588695430606
46217,46217,0.320191865787078
46218,46218,0.324854537928189
46219,46219,0.328235094340898
46220,46220,0.333194691593251
46221,46221,0.342974247247518
46222,46222,0.349694669060623
46223,46223,0.351117205128967
46224,46224,0.384313393042721
46225,46225,0.385246393802787
46226,46226,0.386642438014819
46227,46227,0.388687226763899
46228,46228,0.388798400206628
46229,46229,0.38914115294932
46230,46230,0.375471038402602
46231,46231,0.376368319399641
46232,46232,0.339756525531605
46233,46233,0.338026855513355
46234,46234,0.336153503760296
46235,46235,0.333868685759575
46236,46236,0.333043388058945
46237,46237,0.33063183769733
46238,46238,0.334827315064295
46239,46239,0.329558519469081
46271,46271,0.436593821746494
46272,46272,0.436593821746494
46273,46273,0.436593821746494
46274,46274,0.436593821746494
46275,46275,0.427346531826658
46276,46276,0.427346531826658
46277,46277,0.427346531826658
46278,46278,0.411589932579996
46279,46279,0.411557266426332
46280,46280,0.4114504563555
46281,46281,0.411439471483257
46282,46282,0.411430096683197
46283,46283,0.395655485162989
46284,46284,0.395639846533172
46285,46285,0.395623958547321
46286,46286,0.395613521139527
46287,46287,0.395604443488858
46288,46288,0.395587117907033
46289,46289,0.333333333333333
46539,46539,0.276522602281439
46540,46540,0.277508455514319
46557,46557,0.256125266514805
46558,46558,0.257647568362879
46560,46560,0.255700965528108
46602,46602,0.405768752001701
46603,46603,0.413864325162675
46604,46604,0.410192997397264
46605,46605,0.401359046490642
46606,46606,0.380686221967689
46607,46607,0.377391863484337
46608,46608,0.36743961227014
46609,46609,0.362766527092401
46610,46610,0.350345380347066
46611,46611,0.338825935887463
46612,46612,0.333926917267802
47340,47340,0.42029517641814
47341,47341,0.411407396828696
47342,47342,0.401891549375497
47343,47343,0.398998016587032
47344,47344,0.398036294777987
47345,47345,0.396007426778637
47346,47346,0.393293409679994
47347,47347,0.393138075837124
47348,47348,0.390140558294399
47349,47349,0.382569517728055
47417,47417,0.330114486348688
47418,47418,0.358885197657388
47419,47419,0.50160900896353
47437,47437,0.260993166841164
47438,47438,0.260257585413743
47439,47439,0.259668455330224
47440,47440,0.256452976240534
47441,47441,0.25531533514999
47484,47484,0.298854185293141
47485,47485,0.296700366062379
47552,47552,0.280582597587039
47553,47553,0.277560900968202
47567,47567,0.355753421843014
47570,47570,0.376651182726081
47571,47571,0.389026959156679
47572,47572,0.390928947361032
47573,47573,0.416317171467605
47574,47574,0.446089043832349
47575,47575,0.720930404110321
47576,47576,0.698855940044271
47881,47881,0.689285666873693
47882,47882,0.682608965306404
47883,47883,0.655999319979854
47884,47884,0.651258372409241
47885,47885,0.645047757318387
47886,47886,0.643361371374878
47887,47887,0.641197973180721
47888,47888,0.634755509874368
47889,47889,0.629228111043108
47890,47890,0.619982894445993
47891,47891,0.602030401217609
47892,47892,0.589603565106441
47893,47893,0.511462917237293
47894,47894,0.495146415110841
47895,47895,0.391983587684219
47896,47896,0.385080393421217
47897,47897,0.378812128548084
47898,47898,0.369428914972393
47899,47899,0.350160144900747
47900,47900,0.338650671852584
47901,47901,0.314192553034264
47902,47902,0.303003281534027
47903,47903,0.294985913910677
47904,47904,0.272635395667083
47905,47905,0.260716040734888
47906,47906,0.256220789252552
48044,48044,0.254194647864772
48045,48045,0.254968063867162
48046,48046,0.380082421696939
48047,48047,0.390257580183055
48048,48048,0.393254696530518
48049,48049,0.390892432592632
48050,48050,0.41399562087035
48051,48051,0.412129409223983
48052,48052,0.418831278766603
48137,48137,0.306342691810084
48138,48138,0.344210391151539
48213,48213,0.323348591867486
48214,48214,0.323474429123116
48215,48215,0.321437643203321
48220,48220,0.268163411302325
48221,48221,0.268979956112062
48222,48222,0.283414026667978
48223,48223,0.284810660605433
48224,48224,0.312757899080184
48225,48225,0.325383233187432
48226,48226,0.327136860170869
48227,48227,0.328116185109506
48228,48228,0.338180202317057
48229,48229,0.333612004908979
48230,48230,0.33543299360389
48231,48231,0.352988234992595
48253,48253,0.251187846069943
48254,48254,0.251619727715354
48349,48349,0.265196770315807
48350,48350,0.264761097102124
48351,48351,0.264921508247399
48352,48352,0.264568022276594
48353,48353,0.264255629763549
48354,48354,0.277245418362339
48857,48857,0.301702571974318
48858,48858,0.28606714963143
48859,48859,0.27562808115866
48860,48860,0.254787728034838
49063,49063,0.291946342214804
49064,49064,0.290962272746261
49065,49065,0.326662631415857
49066,49066,0.327706751350333
49067,49067,0.332831132097732
49068,49068,0.333950348502201
49069,49069,0.831738728520708
49070,49070,0.831738728520708
49071,49071,0.831738728520708
49072,49072,0.833192983708894
49686,49686,0.360876153687138
49687,49687,0.353559836276769
49688,49688,0.31628076392672
49689,49689,0.320616815555885
49860,49860,0.258339712546306
49861,49861,0.26981711699098
49862,49862,0.300691953335162
49863,49863,0.31214243880952
49864,49864,0.314728765757073
49865,49865,0.321029146809324
49866,49866,0.462066074978444
49867,49867,0.544307280828238
49930,49930,0.347441360022955
49931,49931,0.348273975154204
49932,49932,0.349104510401284
49933,49933,0.34981728389585
49934,49934,0.350442947933375
49935,49935,0.351065100418988
49936,49936,0.351662345115605
49937,49937,0.352262065747445
49938,49938,0.352863511862442
49939,49939,0.353467227653636
49940,49940,0.354067657868768
49941,49941,0.354535471753957
49942,49942,0.355010887782007
49943,49943,0.355580931717361
49944,49944,0.356149710255795
49945,49945,0.356577245416696
49946,49946,0.357046027159098
49947,49947,0.357550854008086
49948,49948,0.357991019439554
49949,49949,0.358429013554557
49950,49950,0.35886723101701
49951,49951,0.359386903287118
49952,49952,0.359973400327843
49953,49953,0.360557599878828
49954,49954,0.361140745677618
49955,49955,0.361830197904756
49956,49956,0.362604283358714
49957,49957,0.363375569846764
49958,49958,0.364156143127156
49959,49959,0.364946053441343
49960,49960,0.365774383670681
49961,49961,0.366451277278311
49962,49962,0.366988733901298
49963,49963,0.367522059500936
49964,49964,0.36805672033881
49965,49965,0.368540093386401
49966,49966,0.368987532985671
49967,49967,0.369432210472645
49968,49968,0.369876284616822
49969,49969,0.370318389298202
49970,49970,0.370716044353904
49971,49971,0.371081597675932
49972,49972,0.371444482515809
49973,49973,0.37180549270711
49974,49974,0.372167274509424
49975,49975,0.372528145782107
49976,49976,0.372897375722885
49977,49977,0.373257686180029
49978,49978,0.373606918623322
49979,49979,0.373954080040427
49980,49980,0.374300052231479
49981,49981,0.374644602478689
49982,49982,0.374990273272698
49983,49983,0.375336816390051
49984,49984,0.375684511904443
49985,49985,0.37597826582643
49986,49986,0.376236942620988
49987,49987,0.376495920296303
49988,49988,0.376754580736232
49989,49989,0.377018369717517
49990,49990,0.377284760602361
49991,49991,0.377549995799115
49992,49992,0.377814959115916
49993,49993,0.378119087671525
49994,49994,0.378444879371032
49995,49995,0.378769940345156
49996,49996,0.379101603836852
49997,49997,0.379438373017944
49998,49998,0.37977365211666
49999,49999,0.380106452895854
50000,50000,0.380438675303191
50001,50001,0.380770102778879
50002,50002,0.381099532030863
50003,50003,0.38142648925467
50004,50004,0.381753284800327
50005,50005,0.382080649660342
50006,50006,0.382406970044399
50007,50007,0.382725335775605
50008,50008,0.383042663608116
50009,50009,0.383358600204223
50010,50010,0.383672892300417
50011,50011,0.383985584800649
50012,50012,0.38429734931144
50013,50013,0.384608083870568
50014,50014,0.384917024331164
50015,50015,0.385225331250144
50016,50016,0.385532140327555
50017,50017,0.385838237468197
50018,50018,0.386144600377011
50019,50019,0.386449517365915
50020,50020,0.38672885684274
50021,50021,0.386961331100229
50022,50022,0.387176328715799
50023,50023,0.387390741393157
50024,50024,0.387661749764034
50025,50025,0.387960951421387
50026,50026,0.388278797129196
50027,50027,0.388526390323666
50028,50028,0.388732050844113
50029,50029,0.388984754967985
50030,50030,0.389258844960661
50031,50031,0.389531742586783
50032,50032,0.389803537293228
50033,50033,0.39007355129708
50034,50034,0.390362027189481
50035,50035,0.390659133401286
50036,50036,0.390954665154696
50037,50037,0.557915590489911
50038,50038,0.558204958836964
50039,50039,0.558492385721338
50040,50040,0.558811007714446
50041,50041,0.559144029568989
50042,50042,0.559377622409835
50043,50043,0.559584548364809
50044,50044,0.559800306018716
50045,50045,0.560148663050672
50046,50046,0.560563593836539
50047,50047,0.560977459124843
50048,50048,0.561388333925731
50049,50049,0.561796197679109
50050,50050,0.562479045469092
50051,50051,0.563270724611754
50052,50052,0.563771889140455
50053,50053,0.56415856803144
50054,50054,0.564541769002151
50055,50055,0.731589116741754
50056,50056,0.731911702309055
50057,50057,0.732211878881348
50058,50058,0.732509368416855
50059,50059,0.73280462736399
50060,50060,0.733097840372453
50061,50061,0.733353548984155
50062,50062,0.733595479084545
50063,50063,0.733835561864819
50064,50064,0.73402954043015
50065,50065,0.73420798611861
50066,50066,0.734386177812119
50067,50067,0.734562767417632
50068,50068,0.734784082723898
50069,50069,0.735017850572614
50070,50070,0.735250319595883
50071,50071,0.735481342258774
50072,50072,0.735711207828065
50073,50073,0.735977104527638
50074,50074,0.736239030987434
50075,50075,0.736458591173348
50076,50076,0.73666729946115
50077,50077,0.736874652359564
50078,50078,0.737080601950383
50079,50079,0.737285539049495
50080,50080,0.737502259413341
50081,50081,0.737720444851807
50082,50082,0.73794055171342
50083,50083,0.738159823002871
50084,50084,0.738378312564698
50085,50085,0.738595286563478
50086,50086,0.738767854510102
50087,50087,0.738928824004086
50088,50088,0.739114776729732
50089,50089,0.739306153163349
50090,50090,0.739497040956372
50091,50091,0.739686502945618
50092,50092,0.739874977136272
50093,50093,0.740064767616965
50094,50094,0.740254201712635
50095,50095,0.740442334867097
50096,50096,0.740628985704593
50097,50097,0.740814521826012
50098,50098,0.741042354482358
50099,50099,0.741291645536207
50100,50100,0.741498882489684
50101,50101,0.741696763253952
50102,50102,0.741849478446202
50103,50103,0.741994204624282
50104,50104,0.742142287237171
50105,50105,0.74245335841155
50106,50106,0.742664786647858
50107,50107,0.742854387565882
50108,50108,0.743043201036845
50109,50109,0.74323024377239
50110,50110,0.74341600652736
50111,50111,0.743631793891981
50112,50112,0.743850376336688
50113,50113,0.744066845976198
50114,50114,0.74428486626142
50115,50115,0.744502145438339
50116,50116,0.74476343183999
50117,50117,0.745027860969121
50118,50118,0.745289196570649
50119,50119,0.745661333056645
50120,50120,0.745898564667623
50121,50121,0.746120561796406
50122,50122,0.746340824401307
50123,50123,0.746558999708593
50124,50124,0.746726636712791
50125,50125,0.746889474676269
50126,50126,0.747051598856817
50127,50127,0.747177817094473
50128,50128,0.747418214553469
50129,50129,0.747533038875073
50130,50130,0.747666737264586
50131,50131,0.747800653430712
50132,50132,0.747932896754592
50133,50133,0.748066739976776
50134,50134,0.748199710073685
50135,50135,0.748332617882551
50136,50136,0.748461503274663
50137,50137,0.748574071530448
50138,50138,0.748675279211891
50139,50139,0.7487725684052
50140,50140,0.748899141407212
50141,50141,0.748985284321777
50142,50142,0.749074366580842
50143,50143,0.749166633744849
50144,50144,0.749252323944686
50145,50145,0.749346334235755
50146,50146,0.749440212371389
50147,50147,0.749532716200769
50148,50148,0.74962498366284
50149,50149,0.749719939716503
50150,50150,0.749811626504521
50151,50151,0.749907096994375
50152,50152,0.75
50224,50224,0.271606549188886
50225,50225,0.271406271187762
50226,50226,0.271880922925994
50227,50227,0.271802577697323
50228,50228,0.272655782534953
50229,50229,0.273790379897024
50230,50230,0.274392792067551
50231,50231,0.270589518503175
50232,50232,0.270793083054268
50577,50577,0.314686254968516
50578,50578,0.313286322611806
51185,51185,0.408774031032239
51804,51804,0.298564516141391
51805,51805,0.304835890735708
52010,52010,0.311832680554975
52011,52011,0.311337449547076
52012,52012,0.326537425271346
52013,52013,0.338088069519433
52014,52014,0.368241971788484
52274,52274,0.272672281612086
52275,52275,0.260501885405317
52558,52558,0.346289442887778
52559,52559,0.346140410078075
52560,52560,0.349604783339591
52561,52561,0.349337970557841
52562,52562,0.400939650750318
52563,52563,0.800818589478894
52564,52564,0.80026763282598
52781,52781,0.361254105274573
53899,53899,0.300737595769129
54033,54033,0.333333333333333
54338,54338,0.36627817538507
54730,54730,0.45143431401175
54734,54734,0.425662288214154
54735,54735,0.427100257640755
55823,55823,0.270190139581002
56427,56427,0.264180276259727
56937,56937,0.325698714570642
56938,56938,0.328435950932666
57779,57779,0.270658045367448
57780,57780,0.280484942564771
57904,57904,0.504329206183266
57905,57905,0.500658007124104
57906,57906,0.44961007625112
57907,57907,0.44728041111061
57908,57908,0.441269643581524
57968,57968,0.262962832409972
58029,58029,0.293348628499894
58121,58121,0.446519654333923
58914,58914,0.526263629836184
58915,58915,0.446952190177674
59363,59363,0.565930096771339
60216,60216,0.334673388122328
60217,60217,0.337600142225407
60237,60237,0.262573641159441
60238,60238,0.285871878206423
60825,60825,0.333910497938945
60826,60826,0.294732150387864
60827,60827,0.297223444818136
60836,60836,0.480502860677198
60837,60837,0.476414483112354
60838,60838,0.510989457724584
61199,61199,0.309134867439107
61200,61200,0.352384777733285
61959,61959,0.258806246643369
61960,61960,0.278655862642064
61961,61961,0.275082783868125
61962,61962,0.27085234466438
61963,61963,0.258980088626263
62212,62212,0.39542464715459
62213,62213,0.374855827107317
62214,62214,0.358295685625376
62215,62215,0.36729081909308
62216,62216,0.343781975315639
62217,62217,0.292388512130164
62218,62218,0.290486169093006
62942,62942,0.406962578620616
62943,62943,0.432539276252427
62944,62944,0.420940099079466
63115,63115,0.358851924718284
63116,63116,0.309745613736574
63117,63117,0.267151372130945
63214,63214,0.304645381489074
63686,63686,0.408859909509894
63687,63687,0.402284901133391
63988,63988,0.800387978124614
63989,63989,0.462177256177567
64795,64795,0.446820732871403
64796,64796,0.442084345559609
64797,64797,0.434780655003838
64943,64943,0.406705304084292
64944,64944,0.406254593469824
64945,64945,0.403732282569424
64946,64946,0.403660260017342
65524,65524,0.501791693536193
65549,65549,0.566765487779246
65550,65550,0.585324836402697
65551,65551,0.596105535471306
65552,65552,0.613083315768938
65553,65553,0.667465614132783
65554,65554,0.828171763939616
65555,65555,0.273814603408045
65556,65556,0.251822466391041
65557,65557,0.253284463206881
65821,65821,0.253361797152077
65823,65823,0.328147860906357
66075,66075,0.277387096951973
66076,66076,0.272513231842149
66195,66195,0.272850262466083
66932,66932,0.317826241480802
66933,66933,0.313864574279004
66934,66934,0.304591991402495
66935,66935,0.285369198643918
66936,66936,0.27784221039019
67900,67900,0.296215141703954
67901,67901,0.285265233525821
67902,67902,0.287144119056059
67903,67903,0.285756533477178
68037,68037,0.756040219294741
69194,69194,0.405207867640403
69471,69471,0.282147515827286
69880,69880,0.392433769141072
69881,69881,0.402009293367173
70011,70011,0.27407522003529
70426,70426,0.299843221087836
70427,70427,0.282295424464336
70428,70428,0.285376605810914
70429,70429,0.282131097701373
70543,70543,0.265670427680393
70544,70544,0.278818228403011
70545,70545,0.251642814808236
70716,70716,0.356148406337288
70717,70717,0.347410556874519
70963,70963,0.358417033907967
71292,71292,0.335441453230499
71336,71336,0.305157033698505
71337,71337,0.358991367768486
71338,71338,0.359183856527471
71369,71369,0.543235503320917
71370,71370,0.558166830250659
71746,71746,0.318513507102071
71747,71747,0.318879016289077
71748,71748,0.336701167782479
71749,71749,0.33700623572273
71820,71820,0.410562864086969
72033,72033,0.414559020836089
72034,72034,0.416408186064645
72035,72035,0.416359358066242
72039,72039,0.525510302280327
72040,72040,0.526039770542749
72041,72041,0.498889765177577
72042,72042,0.502625190757716
72043,72043,0.503189084623802
72044,72044,0.522085976626259
72045,72045,0.444717190996021
72046,72046,0.411775847544746
72648,72648,0.329768522432234
72649,72649,0.333404377853934
73008,73008,0.353786996147851
73332,73332,0.378333805118369
73333,73333,0.332011314007131
73334,73334,0.262606903999608
73335,73335,0.262264480704649
73336,73336,0.258928970556561
73337,73337,0.251708074444395
73438,73438,0.318097241798235
73439,73439,0.316804185226677
73440,73440,0.315308972364952
73441,73441,0.315213989142841
73442,73442,0.314202049731476
73443,73443,0.287369420776612
73619,73619,0.458316896053
73620,73620,0.490897366106465
73621,73621,0.540135475973638
73628,73628,0.354166086533383
74060,74060,0.372135090210716
74061,74061,0.319304166668939
74062,74062,0.363017021995342
74063,74063,0.349489664427812
74064,74064,0.339512397803257
74065,74065,0.324430094322132
74066,74066,0.318553209948888
74067,74067,0.315313863834338
74100,74100,0.44500572139616
74101,74101,0.444132414878466
74102,74102,0.42232963705174
74327,74327,0.278946482262111
74328,74328,0.279702019149028
74331,74331,0.254833622031041
75472,75472,0.363306346786595
75473,75473,0.310362740924726
76373,76373,0.464145103350396
76397,76397,0.262682721067087
77007,77007,0.486503250438156
77008,77008,0.487652875584853
77009,77009,0.484038556814931
77010,77010,0.436587810781791
77011,77011,0.415833758881245
77012,77012,0.380013598557675
77013,77013,0.359204876895119
77014,77014,0.393886988918791
77015,77015,0.400294986919421
77016,77016,0.389501764181407
77017,77017,0.39580529185825
77018,77018,0.365773543648342
77019,77019,0.768273388231329
77020,77020,0.309596532013183
77350,77350,0.5
77353,77353,0.262181557508157
77354,77354,0.275575136696008
77355,77355,0.271838905875858
77356,77356,0.271678907752835
77357,77357,0.269283742287881
77478,77478,0.313184513333387
77506,77506,0.674138653922474
77508,77508,0.312162521927292
77509,77509,0.314899047462556
77510,77510,0.354748728844444
77618,77618,0.36695194738258
77619,77619,0.271535494007677
77620,77620,0.307805584137539
77621,77621,0.308225512577202
77622,77622,0.297609973266385
77623,77623,0.292880967628197
77651,77651,0.373920185768546
77652,77652,0.364336645523052
78745,78745,0.264418525474205
78746,78746,0.306691589090582
78747,78747,0.266840314389794
79626,79626,0.896264960335703
79627,79627,0.301322315458841
79652,79652,0.253679037104453
80358,80358,0.75
80359,80359,0.429413522508039
80360,80360,0.408799084109741
80361,80361,0.395003055862363
80362,80362,0.37660908292925
80363,80363,0.366955562805744
80364,80364,0.35699311826329
80365,80365,0.356231700953665
80366,80366,0.34735802687549
81390,81390,0.517531969993398
81391,81391,0.508013349151394
81392,81392,0.498735691007163
81393,81393,0.517737476161939
81658,81658,0.523561961126193
81659,81659,0.582025961804912
82584,82584,0.469903701361173
82585,82585,0.476608877140105
82586,82586,0.477724908519801
82587,82587,0.471128490898267
82588,82588,0.472693652664179
82589,82589,0.480011348684905
82590,82590,0.480382887758499
82591,82591,0.257890953720083
82592,82592,0.257908640137796
82593,82593,0.257934859903892
82594,82594,0.259142814905728
82595,82595,0.26044318702301
82596,82596,0.261548686929369
82597,82597,0.270203995584491
82598,82598,0.25394447917838
82599,82599,0.278833272055894
82600,82600,0.27928568926214
82601,82601,0.291715635071687
82602,82602,0.295222124233631
82603,82603,0.29671398780572
82604,82604,0.293170158752629
82605,82605,0.293419812135146
82606,82606,0.292525183229487
83211,83211,0.461813856225028
84375,84375,0.377098183362934
84444,84444,0.309300071316244
84445,84445,0.408534195441888
84446,84446,0.403932836655147
84447,84447,0.405127184379208
84448,84448,0.354717704289202
84449,84449,0.403347766703915
84450,84450,0.408570842856415
84451,84451,0.307496988344342
84597,84597,0.427830216497125
84782,84782,0.253619430400595
84881,84881,0.297244623870101
85078,85078,0.345132472167708
85079,85079,0.343281529140315
85110,85110,0.317599568145223
85111,85111,0.314616802862183
85112,85112,0.270255412141534
85468,85468,0.294667897666069
85469,85469,0.29012561340978
85470,85470,0.294402213683484
85471,85471,0.298171130343785
85472,85472,0.298024208453592
85473,85473,0.264879159708036
85474,85474,0.272810403105704
85475,85475,0.292825897805182
85476,85476,0.293517941552934
85477,85477,0.292158811944799
85478,85478,0.29182395202872
85479,85479,0.295288054136685
85480,85480,0.298747544005159
85731,85731,0.351903347039941
87408,87408,0.283107659143856
87409,87409,0.266867148332094
87410,87410,0.273139150191615
87411,87411,0.265703442557515
87412,87412,0.260652424059247
87413,87413,0.261103150289461
87414,87414,0.32439714091653
87415,87415,0.286938846459588
87416,87416,0.283563230186117
87417,87417,0.28323221270137
87418,87418,0.278715243879513
87452,87452,0.458333333333333
87541,87541,0.292823685853814
87542,87542,0.292627725746976
87593,87593,0.259469957607226
87594,87594,0.25983079547052
87984,87984,0.447115513924285
87988,87988,0.518006220826003
87989,87989,0.471960062602678
87990,87990,0.461143057539598
87991,87991,0.434797307456961
88169,88169,0.492707257681017
88170,88170,0.48237729540679
88171,88171,0.486909682824113
88172,88172,0.481050636833832
88173,88173,0.481347986051183
88281,88281,0.89450825425628
88461,88461,0.317246410087559
88462,88462,0.315585884785987
88817,88817,0.273130859324381
88818,88818,0.274543327620538
88819,88819,0.273992991692039
88962,88962,0.373621121997968
88986,88986,0.277612023347111
88987,88987,0.29307462180926
88988,88988,0.298400833643314
88989,88989,0.303267217255294
89003,89003,0.29830906628489
89017,89017,0.331248073703831
89019,89019,0.323887461005317
89338,89338,0.319521834226874
89339,89339,0.31840930670229
89340,89340,0.262665419574786
89341,89341,0.293010175152531
89342,89342,0.294214796430429
89343,89343,0.294359420700627
89344,89344,0.30910566244658
89778,89778,0.278420905925734
89868,89868,0.427950865388935
90154,90154,0.370459799525913
90358,90358,0.270427233883987
91933,91933,0.352021826095874
91934,91934,0.345633123761663
91935,91935,0.345380743937872
91936,91936,0.350606476174575
91937,91937,0.328853980547504
91938,91938,0.328935314743096
91939,91939,0.328658438925977
91940,91940,0.326879174665128
91941,91941,0.325964864075609
91942,91942,0.325389169474618
91943,91943,0.320819082580766
91944,91944,0.321263764905198
91945,91945,0.309360486734855
92070,92070,0.34454755694767
92112,92112,0.667564865879647
92457,92457,0.29625588096621
92458,92458,0.298964418328824
92459,92459,0.317083724690642
92460,92460,0.297873150763958
92613,92613,0.256399866873824
92764,92764,0.257777772331426
92765,92765,0.257647327654148
92766,92766,0.256674158692777
92819,92819,0.581669325140514
92820,92820,0.593715931651891
92938,92938,0.339120433556256
92939,92939,0.610804758807594
92940,92940,0.623497435835554
92941,92941,0.814555327641091
93241,93241,0.291247846045729
93242,93242,0.289109740149446
93243,93243,0.288760161741993
93244,93244,0.278998927050628
93245,93245,0.280773847747072
93246,93246,0.280622165291939
93247,93247,0.300773875323887
93248,93248,0.299297422098084
93249,93249,0.298695343078576
93330,93330,0.272676222215995
93999,93999,0.416728289587905
94000,94000,0.430361329559276
94001,94001,0.415487821088513
94002,94002,0.2754839687921
94003,94003,0.274835451673902
94004,94004,0.305954672312152
94537,94537,0.260103070672227
94547,94547,0.281616042464208
94548,94548,0.293588524229661
94549,94549,0.293780228995365
94550,94550,0.294464274536124
94797,94797,0.393132635427575
94798,94798,0.392891316697082
94799,94799,0.392616212056977
94800,94800,0.39250604706775
94801,94801,0.392473077104391
94802,94802,0.392425703955774
94803,94803,0.392350193040839
94804,94804,0.392316201747504
94805,94805,0.392289691598452
94806,94806,0.331050228310502
94897,94897,0.57222772258545
94898,94898,0.5
94935,94935,0.255417001178595
95524,95524,0.255195662505555
95642,95642,0.253838924271113
95643,95643,0.268703457378418
95644,95644,0.28616801329766
95968,95968,0.295264196844191
95969,95969,0.571460418205781
96110,96110,0.574078998671743
96460,96460,0.25753209611843
96461,96461,0.258712781076302
96462,96462,0.262614793003588
97123,97123,0.279530296114321
97124,97124,0.283782541908903
97125,97125,0.288818954129035
97126,97126,0.289828025488147
97535,97535,0.450075104028686
97536,97536,0.421808249218274
97537,97537,0.47893180682605
97755,97755,0.348707097189881
97756,97756,0.357588695729036
97757,97757,0.301248550910543
97758,97758,0.304754540771424
97761,97761,0.37766720945795
97762,97762,0.365399857892217
97763,97763,0.349920301053983
97764,97764,0.344160035620521
97959,97959,0.408578137745527
97960,97960,0.410846589972819
98469,98469,0.262973990510702
98470,98470,0.262953149639818
100304,100304,0.327132254268628
100305,100305,0.329085852498569
100721,100721,0.353052748146688
100722,100722,0.332090807732593
101610,101610,0.800481630965246
101630,101630,0.351969898246846
101631,101631,0.361548688951098
101649,101649,0.331446122683347
101650,101650,0.334712384107909
101651,101651,0.706234907639148
101652,101652,0.674592228494692
101653,101653,0.674303899550336
101654,101654,0.67429506929563
101655,101655,0.674282260530747
101656,101656,0.674270948758762
101657,101657,0.566352421682796
102153,102153,0.269943187039395
102154,102154,0.275294601865815
102191,102191,0.418203916925915
102418,102418,0.420487957441251
103311,103311,0.256541844414233
103406,103406,0.291965590456096
103407,103407,0.272229264264416
103408,103408,0.31540079269544
103409,103409,0.314112064848506
103410,103410,0.311654400556959
103411,103411,0.27390033969306
103412,103412,0.281094160603327
104136,104136,0.360981006940064
104137,104137,0.363167938488962
104138,104138,0.363130723795738
104470,104470,0.351818140612098
104752,104752,0.348587004293836
104753,104753,0.35143161798804
104754,104754,0.374878407567329
104755,104755,0.379585293749719
104756,104756,0.375815845112408
104757,104757,0.370311125914677
104758,104758,0.619924045034579
104759,104759,0.637939846081166
104760,104760,0.911250360838595
104761,104761,0.395000396162234
104763,104763,0.320868695789149
104764,104764,0.323512573131611
104765,104765,0.338800598026502
104766,104766,0.343515472731145
104767,104767,0.354452268409346
104768,104768,0.36167745429735
105039,105039,0.253074711813532
105040,105040,0.252238605827299
105041,105041,0.251243194119723
105100,105100,0.266899156986543
105101,105101,0.266634630686087
105347,105347,0.271259568462423
105349,105349,0.266808648120904
105476,105476,0.299004498028571
105679,105679,0.255666081942809
105686,105686,0.351825212896352
105687,105687,0.351069812412918
105688,105688,0.343651890086341
105689,105689,0.342071696136192
105690,105690,0.333997671325627
105691,105691,0.332648385092317
105720,105720,0.377118821620749
105721,105721,0.30277869143548
105722,105722,0.311683457462904
105779,105779,0.569191727654165
105780,105780,0.569157602752986
105929,105929,0.414146083280796
105930,105930,0.413998180468794
105931,105931,0.351498180468794
106440,106440,0.301150860552249
106441,106441,0.303151715683898
106442,106442,0.306405538843724
106443,106443,0.307582241415597
106566,106566,0.347340659941715
106567,106567,0.364128029135008
106568,106568,0.379297985963051
106569,106569,0.37295086463357
106570,106570,0.36825177361626
106711,106711,0.601399373346179
106712,106712,0.600043017993518
107098,107098,0.253735743809176
107099,107099,0.25800005386154
107100,107100,0.263254001647128
107101,107101,0.261419874909917
108259,108259,0.333333333333333
108528,108528,0.30873764796013
108529,108529,0.314937391358857
108530,108530,0.32352729841128
108531,108531,0.32927189039629
108532,108532,0.330596525895271
108533,108533,0.330916967112332
108534,108534,0.33492697898579
108535,108535,0.305166058243079
109601,109601,0.369032658162735
109602,109602,0.383962021240869
109603,109603,0.399033944111179
109604,109604,0.452668008706406
109605,109605,0.45603557542184
109606,109606,0.360998480045295
109607,109607,0.359045374335119
109608,109608,0.348683391202437
109615,109615,0.318212568907408
109656,109656,0.332704692142641
109657,109657,0.330849688329784
109658,109658,0.318324710295144
109659,109659,0.318653787543179
109660,109660,0.321568371160311
110222,110222,0.362248523839029
110562,110562,0.321222851804322
110563,110563,0.304918289982564
110564,110564,0.25264528908031
111079,111079,0.543006174132279
111080,111080,0.488060508074054
111081,111081,0.479278911319733
111082,111082,0.485607789468462
111083,111083,0.470836934890659
111084,111084,0.471260838466691
111669,111669,0.279079411755924
111670,111670,0.278931407919856
111788,111788,0.306696674422155
111789,111789,0.303451415178769
112697,112697,0.395833333333333
112698,112698,0.395833333333333
112699,112699,0.395833333333333
112700,112700,0.395833333333333
112701,112701,0.395833333333333
112702,112702,0.395833333333333
112703,112703,0.333333333333333
114037,114037,0.251946859495699
114038,114038,0.252765655906247
114039,114039,0.26102664359768
114041,114041,0.275478234303201
114087,114087,0.28000618912468
114088,114088,0.278933895682744
114089,114089,0.27940716641389
114090,114090,0.271768413974168
114091,114091,0.271748718188678
114092,114092,0.275101536432622
114093,114093,0.285997679629194
114094,114094,0.257549186819129
114331,114331,0.269533363652419
114332,114332,0.27561401772059
114333,114333,0.27338709773184
114381,114381,0.273492197980793
114937,114937,0.35345704236903
114938,114938,0.35299981824521
115057,115057,0.350884880182209
115058,115058,0.351770824695752
115059,115059,0.307464018664968
115409,115409,0.541093081042701
115410,115410,0.492102623077338
115411,115411,0.490337887603262
115412,115412,0.49026729268666
116808,116808,0.475414694805868
116809,116809,0.465299160777011
116859,116859,0.481422692716093
116861,116861,0.278838458523444
116862,116862,0.2501665198792
116863,116863,0.267392011494961
116866,116866,0.259763206341934
116867,116867,0.275054675734091
117663,117663,0.380558539418489
117664,117664,0.488547458912499
118214,118214,0.29373265549696
118215,118215,0.298645008946027
118216,118216,0.321133958736469
118743,118743,0.36316749808835
119339,119339,0.356205162725303
119340,119340,0.357715552083375
119341,119341,0.358096777247354
119342,119342,0.354493394325958
119482,119482,0.344420378923156
119483,119483,0.342675476818591
119588,119588,0.365776039188501
119684,119684,0.274361558075752
119685,119685,0.270863064808277
119686,119686,0.266878822606942
119687,119687,0.255383966841073
119688,119688,0.264425829941502
119689,119689,0.261226723303268
119984,119984,0.274083389359913
119985,119985,0.274887094947867
119986,119986,0.275850585585943
119987,119987,0.28214063517397
120297,120297,0.268651405576762
120298,120298,0.287597289082468
120299,120299,0.290452429938067
120300,120300,0.286933605307748
120789,120789,0.29942264213409
120790,120790,0.297277999277767
120938,120938,0.395541469506292
121143,121143,0.361576645311195
121144,121144,0.326250859427142
121145,121145,0.329807592806704
121146,121146,0.330546613804526
121147,121147,0.33090021888734
121148,121148,0.343589884582074
121149,121149,0.351861246580995
121150,121150,0.353081587226309
121151,121151,0.355063491648193
121467,121467,0.40518013580451
121927,121927,0.507203203670478
121928,121928,0.507724257632361
121929,121929,0.566757970601084
121930,121930,0.552984996108153
121931,121931,0.62386540463889
121932,121932,0.629347173978515
121933,121933,0.647571517134426
121934,121934,0.645540716645839
121935,121935,0.655110991983367
121936,121936,0.878867646528173
122225,122225,0.290067257249084
122252,122252,0.39872138244772
122253,122253,0.396048184772479
122409,122409,0.350453346168692
122914,122914,0.318853250989908
122915,122915,0.315037424185881
122916,122916,0.324741343494403
122917,122917,0.327925869922683
122918,122918,0.30481952330164
122919,122919,0.301580159825733
123223,123223,0.463101966220123
123408,123408,0.277752187019642
123409,123409,0.310776753443821
123716,123716,0.639451795502744
123717,123717,0.638693639392993
123880,123880,0.710426556852856
124307,124307,0.286469628548087
124531,124531,0.355518487896228
124532,124532,0.347705776969024
124533,124533,0.346244099652151
124534,124534,0.342591655804439
124535,124535,0.341956388397623
124536,124536,0.336679446805315
124537,124537,0.33082641272301
124538,124538,0.328979046085285
124565,124565,0.343328783722913
124566,124566,0.343478375158333
125096,125096,0.432676019158228
125097,125097,0.459069425430768
125098,125098,0.35019768410631
125106,125106,0.340455629166086
125107,125107,0.3398924411365
125209,125209,0.398682028586001
125210,125210,0.400134463777081
125802,125802,0.267882937728421
125803,125803,0.277807184208121
125804,125804,0.28425719988199
125805,125805,0.29314363220468
125806,125806,0.75
126095,126095,0.284730675910133
126096,126096,0.284853424724421
126097,126097,0.293804946936786
126098,126098,0.330008512759276
126099,126099,0.329976338850786
126100,126100,0.311662152701111
126101,126101,0.309850429980584
126102,126102,0.312294125199422
126556,126556,0.263658220256738
126883,126883,0.279487649429542
126884,126884,0.284552145567641
126885,126885,0.263036687671477
126926,126926,0.321898952787304
126938,126938,0.277435478526206
127295,127295,0.291544055708613
127296,127296,0.291029459303663
127301,127301,0.25352799492151
127302,127302,0.280624970515839
127500,127500,0.442079808066475
127501,127501,0.415082952019625
127502,127502,0.420176211356523
127843,127843,0.331515191478173
127844,127844,0.340754074294975
128053,128053,0.431546056593723
128054,128054,0.431419415737444
128055,128055,0.4218956644997
128056,128056,0.417425857879125
128057,128057,0.435654562149533
128058,128058,0.457429497825212
128059,128059,0.45542150520457
128060,128060,0.498950274309589
128061,128061,0.505534533759865
128062,128062,0.519105112396602
128063,128063,0.534225498922469
128064,128064,0.539013202268208
128065,128065,0.546223508826961
128874,128874,0.268672111211423
128875,128875,0.270206667071236
128876,128876,0.271060915919728
129388,129388,0.376854604883267
129389,129389,0.404837356327605
129390,129390,0.369239899724854
129391,129391,0.350627640078591
129752,129752,0.501273149934051
130002,130002,0.272484471132809
130003,130003,0.276498936844765
130004,130004,0.276543080516922
130005,130005,0.268598313714697
130006,130006,0.268671441951053
130009,130009,0.273890621720876
130010,130010,0.273783976860213
131150,131150,0.342012702079979
131151,131151,0.402923062486878
131152,131152,0.405455006850504
131153,131153,0.405525831448896
131154,131154,0.405967819635457
131263,131263,0.278519214047427
131264,131264,0.267586510754381
131265,131265,0.260921587856124
131622,131622,0.282892026039641
131623,131623,0.276261091132403
131624,131624,0.263230700477161
131625,131625,0.263084600196742
131626,131626,0.268787719708969
131811,131811,0.482119255746509
131812,131812,0.481598904025009
131994,131994,0.320090085589461
132198,132198,0.381886604543775
132199,132199,0.330452143475982
132200,132200,0.335720235670464
132201,132201,0.351895737296044
132202,132202,0.371731252542375
132203,132203,0.38272472479235
132204,132204,0.384264031209325
132205,132205,0.463530798835807
132206,132206,0.332898165354702
132207,132207,0.339314476017437
132244,132244,0.256023355006593
132245,132245,0.280030253424637
132260,132260,0.278191361253648
133147,133147,0.493719685046031
133148,133148,0.493945217185016
133149,133149,0.319464784453579
133150,133150,0.324114298642905
133151,133151,0.324096982624465
133152,133152,0.317660544183664
133153,133153,0.358227871406095
133154,133154,0.360561144825896
133155,133155,0.354949538208244
133156,133156,0.355873884173086
133680,133680,0.483221283589944
133681,133681,0.460727902144584
133682,133682,0.303537385016911
133683,133683,0.306023171263998
133700,133700,0.348198348462347
133814,133814,0.25044359272989
133815,133815,0.25510152320359
133816,133816,0.257135361857286
133817,133817,0.361200736906642
133818,133818,0.370470976098664
133917,133917,0.266243723993202
133948,133948,0.392752267705749
133949,133949,0.392453345676682
133950,133950,0.330769230769231
133976,133976,0.306088572497502
133977,133977,0.335553454053946
133978,133978,0.344813758544476
133979,133979,0.348419197301889
133980,133980,0.345674017540203
133981,133981,0.349196553512661
133982,133982,0.361080265725551
134650,134650,0.272746662759184
134651,134651,0.272924590728843
134652,134652,0.27255567445832
134653,134653,0.271292574030251
135209,135209,0.261633679416163
135210,135210,0.260415156279067
135211,135211,0.261380482291163
135212,135212,0.270093814813534
135213,135213,0.269999652716732
135318,135318,0.325589052888438
135319,135319,0.333402598789939
135320,135320,0.33169341793022
135673,135673,0.33589763651204
135674,135674,0.335621247999279
136725,136725,0.260742117180342
137383,137383,0.325183795092516
137384,137384,0.32421576513923
137739,137739,0.566988536569726
138305,138305,0.517834485103851
138306,138306,0.535880335038554
138307,138307,0.576436294424873
138521,138521,0.265013283623584
138923,138923,0.521088525094041
138924,138924,0.526031846456853
138925,138925,0.526895703082677
138926,138926,0.53018333467473
138927,138927,0.505503695322216
138928,138928,0.482269900139807
139091,139091,0.266523509154874
139092,139092,0.278297419426058
139172,139172,0.301044067041834
140080,140080,0.569761449231481
140497,140497,0.333333333333333
141107,141107,0.363505116330861
141108,141108,0.369151546788108
141109,141109,0.435346638736832
141111,141111,0.374784945230978
141112,141112,0.384289386111314
141113,141113,0.40005785950163
141127,141127,0.32491111646869
141128,141128,0.320656282329139
141144,141144,0.272053943877148
141145,141145,0.269814616474827
141146,141146,0.267475507736653
141147,141147,0.266745312313941
141798,141798,0.357119642344416
141802,141802,0.397952870863649
142526,142526,0.267646519179356
142527,142527,0.26742722014763
142528,142528,0.266780419499648
142529,142529,0.271798977952609
142748,142748,0.547872480341285
142973,142973,0.411400815726761
142974,142974,0.411376205679533
142975,142975,0.395609016056394
142976,142976,0.395602087005346
142977,142977,0.333333333333333
144011,144011,0.474874091616769
144012,144012,0.491586290871995
144013,144013,0.448002773975623
144014,144014,0.507327534452049
144173,144173,0.26841235058519
144245,144245,0.65989662137099
144246,144246,0.79647315555462
144247,144247,0.493396251530895
144248,144248,0.479957951925588
144249,144249,0.471545727724319
144250,144250,0.468948891751016
144251,144251,0.467611782239835
144252,144252,0.463513616383413
144253,144253,0.460806953437561
144254,144254,0.459630717378878
144610,144610,0.393108356739494
144611,144611,0.392906808117641
144612,144612,0.39283320966922
144613,144613,0.331439393939394
144930,144930,0.276316778764566
144931,144931,0.290972410938147
145583,145583,0.291429054594234
145693,145693,0.277575482179714
145694,145694,0.277652856503748
145695,145695,0.275361953403482
145696,145696,0.275178743079186
145697,145697,0.273981280442131
145698,145698,0.27487469227831
145904,145904,0.432965521505412
145905,145905,0.433793864992825
146190,146190,0.269521738084148
146209,146209,0.272211266897599
146430,146430,0.265401364988444
147092,147092,0.892944081538136
147446,147446,0.415125822826931
147618,147618,0.318440456206218
148281,148281,0.272050699666828
148282,148282,0.276257721754057
148283,148283,0.264147926613125
148284,148284,0.263608058332892
148761,148761,0.314083769880794
148762,148762,0.306413521298564
148763,148763,0.307072545890303
148776,148776,0.358443219244681
148777,148777,0.309361062574786
148778,148778,0.310723831665423
148781,148781,0.516708056416314
148782,148782,0.51032386573671
148927,148927,0.269248308582206
148928,148928,0.279192986793053
149564,149564,0.403224331600129
149565,149565,0.396635401034904
149566,149566,0.39653818350411
149567,149567,0.39651339638679
149568,149568,0.396490911063179
149569,149569,0.394232972784752
149570,149570,0.394173737030197
149571,149571,0.394079091988556
149572,149572,0.333333333333333
149624,149624,0.252523805948041
150502,150502,0.314607959478855
150503,150503,0.313718058724181
150504,150504,0.312996694685317
150505,150505,0.303182244533288
150506,150506,0.291518789665787
150507,150507,0.287875072844617
150508,150508,0.292536152617927
150509,150509,0.288633117355148
150537,150537,0.394577285670653
150538,150538,0.392896115267574
150670,150670,0.302943633559282
150671,150671,0.343498934266607
150672,150672,0.353291141300797
150673,150673,0.571685817380862
152071,152071,0.250195525399298
152072,152072,0.279840053572896
152330,152330,0.283969207842765
152331,152331,0.271373785097513
152332,152332,0.255523767665204
152334,152334,0.262914796518191
152335,152335,0.265834382568403
152336,152336,0.267753746341325
152337,152337,0.266701604018974
152338,152338,0.262169473381738
152339,152339,0.271414890287015
152351,152351,0.268113431781361
152823,152823,0.280637216837683
152824,152824,0.287348021577157
152825,152825,0.298159799874107
152826,152826,0.289048088155563
153023,153023,0.39261681583
153024,153024,0.392526793303679
153025,153025,0.392443771658217
153026,153026,0.392415921789413
153027,153027,0.392392638692795
153028,153028,0.392325783988181
153029,153029,0.392299332352299
153030,153030,0.331081081081081
153140,153140,0.288567788994058
153141,153141,0.309926775679559
153142,153142,0.314024954966988
153143,153143,0.313359106645377
153144,153144,0.314692616917958
153145,153145,0.316599416579826
153703,153703,0.450119397488657
153704,153704,0.325661840441197
153736,153736,0.255941417520297
154511,154511,0.39104775860373
155182,155182,0.277086819089976
155183,155183,0.311445128400043
155184,155184,0.307405666928513
155597,155597,0.268410040907854
155621,155621,0.253690284379577
155780,155780,0.382650510223991
155781,155781,0.381363286217705
156080,156080,0.25014593255604
157352,157352,0.344411073653037
157353,157353,0.351500600162132
158113,158113,0.455133266925234
158114,158114,0.392931191731557
158115,158115,0.392898215237639
158116,158116,0.39271484571146
158117,158117,0.392665176688591
158118,158118,0.392637585841355
158119,158119,0.392575019318293
158120,158120,0.331111111111111
158797,158797,0.531025361891131
158798,158798,0.53626955438677
158799,158799,0.54010386493923
158800,158800,0.575987169104277
158801,158801,0.514752232689782
158802,158802,0.483391390068198
158803,158803,0.478239559518648
159450,159450,0.798368342217773
159451,159451,0.695253913689218
159505,159505,0.485337539963694
159506,159506,0.475705107665133
160109,160109,0.290674452217608
160110,160110,0.287298772049278
160111,160111,0.287094535673458
160112,160112,0.286491004946737
160113,160113,0.286759076921494
160114,160114,0.282653396394987
160115,160115,0.254785778043372
160289,160289,0.260760028880435
160290,160290,0.263633368082882
160513,160513,0.568168070484391
160514,160514,0.568139175455056
160515,160515,0.568069192145312
160516,160516,0.567908642402289
160517,160517,0.567692405900625
160518,160518,0.56763597479301
160519,160519,0.567581143351228
160520,160520,0.567516488537237
160521,160521,0.567190890737725
160522,160522,0.399913353566876
160523,160523,0.391582682145766
160524,160524,0.390977147254366
160525,160525,0.384570015315818
160824,160824,0.398366162497069
161005,161005,0.471778917667696
161006,161006,0.426663521921713
161007,161007,0.268769058783044
161140,161140,0.583345785291911
161141,161141,0.574316242634569
161142,161142,0.587051148197779
161143,161143,0.561994369562307
161144,161144,0.58657258481692
161145,161145,0.592547541020402
161146,161146,0.598127297699714
161147,161147,0.601742921928641
161148,161148,0.497171561909999
161308,161308,0.495962853132503
161309,161309,0.510151068736739
161310,161310,0.506986696273409
161334,161334,0.32167520405846
161335,161335,0.318763432032736
162645,162645,0.304617277942575
163412,163412,0.254905839438842
163413,163413,0.255373573764449
163414,163414,0.260964851873144
163415,163415,0.255899311193315
163416,163416,0.259647160960068
163417,163417,0.260924608650781
163418,163418,0.264800905211153
163419,163419,0.266097186490397
163420,163420,0.267344599879953
163421,163421,0.272188311032074
163422,163422,0.273335540262188
163423,163423,0.273209790715747
164059,164059,0.282864793703907
164480,164480,0.307485805464255
164493,164493,0.298145548722587
164494,164494,0.290361626919153
164495,164495,0.287095852017142
164703,164703,0.499675341913807
165257,165257,0.30939605542738
165258,165258,0.3089679502482
165259,165259,0.362618717699797
165290,165290,0.257695175735599
165772,165772,0.358962902002213
167466,167466,0.306893926816341
167467,167467,0.30699592856662
167475,167475,0.333333333333333
167712,167712,0.309280720387527
167713,167713,0.305199205742647
167714,167714,0.304895274673031
167715,167715,0.305814849514291
167716,167716,0.304411169130719
168036,168036,0.365095396173278
168037,168037,0.364636282809814
168038,168038,0.355336988875104
168039,168039,0.354989735865678
168040,168040,0.322984352097305
168041,168041,0.323001278531472
168049,168049,0.264490218932285
168050,168050,0.261393271333203
168051,168051,0.27860885124591
168052,168052,0.286658863989666
168107,168107,0.343106791481464
168108,168108,0.336903892871577
168109,168109,0.329481896632487
168430,168430,0.402957749517567
168445,168445,0.286219432828863
168446,168446,0.258456457667059
168447,168447,0.258469345830964
169079,169079,0.396534722909968
169080,169080,0.39642624596923
169081,169081,0.39633783600452
169082,169082,0.333333333333333
169083,169083,0.403120150225347
169084,169084,0.40308725478523
169148,169148,0.423319316644026
169149,169149,0.436725841750261
169150,169150,0.437313739258399
169151,169151,0.40651526369327
169152,169152,0.420562338563163
169153,169153,0.435728836662837
169154,169154,0.446861492435366
169155,169155,0.517391750303645
169170,169170,0.342941107585214
169171,169171,0.31953665315358
169172,169172,0.325913012047058
169175,169175,0.332350347340631
169176,169176,0.331436112394907
169177,169177,0.327947055609037
169178,169178,0.325064111708839
169179,169179,0.342489016203173
169180,169180,0.331366470058951
169423,169423,0.27817971757233
169424,169424,0.278040672026247
169425,169425,0.286760698358285
169619,169619,0.441911448390126
169620,169620,0.428492808834574
169621,169621,0.428374142810332
169978,169978,0.258020156295445
170619,170619,0.371035815258429
170620,170620,0.37297005942317
170621,170621,0.373829767529649
170622,170622,0.458333333333333
170623,170623,0.458333333333333
170624,170624,0.458322229457321
170625,170625,0.458326120103219
170626,170626,0.458333333333333
170855,170855,0.402478253490432
170856,170856,0.400445550470471
170857,170857,0.396836667054982
171154,171154,0.438959284978118
171359,171359,0.250877384918162
171858,171858,0.292361494139742
171859,171859,0.254779817915842
171860,171860,0.252749612991711
172370,172370,0.493759502216599
172371,172371,0.524529979824236
172372,172372,0.522404673980535
172373,172373,0.522074587117452
172374,172374,0.587073158545432
172509,172509,0.341806260768754
173548,173548,0.361515419118359
173549,173549,0.355471266639603
173555,173555,0.523285699505969
173556,173556,0.524600367000053
173557,173557,0.509189212345287
173558,173558,0.510698315383055
173559,173559,0.456366659055243
173560,173560,0.447893317904041
173561,173561,0.446781299785279
173562,173562,0.426552851461848
173563,173563,0.415486719569406
173564,173564,0.381428748365606
173958,173958,0.282117497705073
173961,173961,0.283182183607336
173962,173962,0.315773298544188
173963,173963,0.314216764309568
173964,173964,0.308018365452698
173965,173965,0.294195913617952
173969,173969,0.25365089394829
174666,174666,0.329492718819341
174681,174681,0.432458978633907
174682,174682,0.330076304656008
174683,174683,0.329938685725887
174684,174684,0.336355611387872
174685,174685,0.335697931066032
174686,174686,0.279867087426832
174687,174687,0.278018896930075
174688,174688,0.282786329292824
174689,174689,0.286394860492565
174690,174690,0.278187347551199
174691,174691,0.283172930638448
174692,174692,0.281842222347795
174693,174693,0.266694441874616
175469,175469,0.29530592840705
175649,175649,0.336429743456524
175650,175650,0.290978504702095
175651,175651,0.264277348841495
175652,175652,0.289307212849454
175653,175653,0.284292596157109
176369,176369,0.290213401614365
176498,176498,0.365041207110155
176499,176499,0.367875460841972
176500,176500,0.807354298859971
176501,176501,0.822015966213164
176650,176650,0.27788030652077
176651,176651,0.286674031038019
176652,176652,0.285223644565067
176653,176653,0.28474715789629
176791,176791,0.320729919229236
176792,176792,0.330834076231123
176793,176793,0.338523198411538
176794,176794,0.325799185960539
176795,176795,0.31390173810758
176796,176796,0.310763078372128
176797,176797,0.312745531034819
176861,176861,0.448838303145615
176862,176862,0.453628925613032
176863,176863,0.444934738242782
176864,176864,0.430370318667075
176865,176865,0.48359585841483
176866,176866,0.494455702593699
176867,176867,0.496351730805872
176868,176868,0.537299159777557
176869,176869,0.537538035381009
177789,177789,0.586637941764618
177790,177790,0.524593293689542
177791,177791,0.524678902886343
177792,177792,0.522736257954543
177793,177793,0.510725838054456
177794,177794,0.494628202691652
177795,177795,0.486142598260917
177796,177796,0.482482331624198
178424,178424,0.329453342616132
178880,178880,0.274843770983015
178881,178881,0.276420383239934
178885,178885,0.391760810471323
178886,178886,0.333333333333333
179096,179096,0.294739376453156
179097,179097,0.308818257251666
179659,179659,0.280946075569909
179660,179660,0.281190305422161
179979,179979,0.372417061888416
180851,180851,0.298846070272547
180852,180852,0.299760920094366
180853,180853,0.333054710686202
180854,180854,0.292447214571924
180855,180855,0.302167168268714
180856,180856,0.286620897250229
180857,180857,0.365397129141745
180858,180858,0.297947289978442
180871,180871,0.267041490449617
180872,180872,0.270057636697328
180873,180873,0.27811587172738
180874,180874,0.301350121693716
181704,181704,0.434595400805555
181705,181705,0.465674440781456
181706,181706,0.467265656230812
181707,181707,0.360267485780371
181708,181708,0.408594717733503
182290,182290,0.254013891976064
182370,182370,0.279365144295913
182371,182371,0.279280711387748
182372,182372,0.274063002700047
182373,182373,0.267599249347037
182374,182374,0.260303341625711
182375,182375,0.260517694702026
182376,182376,0.260475650779768
182377,182377,0.261892234331639
183029,183029,0.566746379832816
183030,183030,0.566720906217353
183031,183031,0.566670770147887
183032,183032,0.566493004742312
183033,183033,0.507261449231481
183318,183318,0.407667800554547
183319,183319,0.412188635197745
183320,183320,0.412962684735066
183879,183879,0.305475625347198
183880,183880,0.31141749910992
184841,184841,0.359988696224459
185102,185102,0.392456893948363
185103,185103,0.391297236739926
185104,185104,0.370593063860078
185105,185105,0.500837530745929
185106,185106,0.464836685450917
185107,185107,0.440945447771789
185108,185108,0.449233755386422
185620,185620,0.377740307634338
185621,185621,0.369119141549736
185622,185622,0.358030126307985
185985,185985,0.445473260384387
186443,186443,0.384767950898414
186444,186444,0.352863959997594
187140,187140,0.297844612078974
187141,187141,0.297173887023002
187142,187142,0.298937581586952
187143,187143,0.294776098392791
187144,187144,0.308422551532926
187145,187145,0.327778187823782
187146,187146,0.314467236021486
187147,187147,0.312325652377703
187528,187528,0.281502421637688
187529,187529,0.281927611017513
187530,187530,0.288068039521426
187658,187658,0.3181683415858
187659,187659,0.299098951743495
188119,188119,0.290346499503611
189797,189797,0.660590379548856
189798,189798,0.438683911327642
189799,189799,0.396556415722492
189800,189800,0.396217153058533
189801,189801,0.399479417576072
189802,189802,0.366782769268303
189803,189803,0.363835991180131
189804,189804,0.364218146029813
189805,189805,0.339204363265088
189997,189997,0.318829753062876
189998,189998,0.332670353299
189999,189999,0.313560309792169
190134,190134,0.44292515394922
190135,190135,0.415993293187824
190136,190136,0.499963855921569
190137,190137,0.498039930021314
190138,190138,0.49593946492197
190142,190142,0.353974735322234
190143,190143,0.391164634083645
190539,190539,0.528816735087983
190868,190868,0.283525835641429
191227,191227,0.470830032698863
191228,191228,0.476019532584229
191229,191229,0.481200232794552
191329,191329,0.378965177876312
191330,191330,0.378743623114104
191463,191463,0.320117876385414
191464,191464,0.27179853471946
191465,191465,0.281094707783062
191466,191466,0.272165507624067
191467,191467,0.272627760755286
191641,191641,0.385777766109186
191642,191642,0.385821364873309
191861,191861,0.372894997004069
191862,191862,0.371140075408831
191863,191863,0.257718195969174
192147,192147,0.261551600017493
192148,192148,0.258803897315765
192853,192853,0.282121793073814
192854,192854,0.286670829958128
192855,192855,0.294912788654866
192856,192856,0.306297432471585
192857,192857,0.338634252898525
192858,192858,0.3521684680664
192859,192859,0.385910822978274
193073,193073,0.301659021510949
193735,193735,0.586640125701575
193736,193736,0.577867961706504
193737,193737,0.54233688818206
193738,193738,0.541543159370728
193739,193739,0.540754311025164
193740,193740,0.512391200779624
193741,193741,0.533409169761305
193742,193742,0.502626605921774
193743,193743,0.51287410928629
194470,194470,0.434178913332338
194477,194477,0.312478597193678
194478,194478,0.312361842287557
194479,194479,0.285279731168476
194768,194768,0.253751049994604
195080,195080,0.435818195328895
195081,195081,0.4511771786647
195082,195082,0.439107732429227
196264,196264,0.392436114613042
196265,196265,0.3924232181515
196266,196266,0.331111111111111
196481,196481,0.424057553519917
196482,196482,0.451195872741183
196493,196493,0.444779243316068
196680,196680,0.75
196681,196681,0.265144496463487
196682,196682,0.270006594014559
196683,196683,0.313705459383767
196684,196684,0.268953533681041
196685,196685,0.270786087654494
196741,196741,0.333333333333333
196742,196742,0.395833333333333
196743,196743,0.395833333333333
196744,196744,0.395833333333333
196745,196745,0.395833333333333
197042,197042,0.267315355839768
197043,197043,0.478504077858689
197044,197044,0.312860802223848
197045,197045,0.310988135373733
197046,197046,0.312199712078178
197047,197047,0.272073424324132
197048,197048,0.252556694055722
197050,197050,0.25647235459746
197501,197501,0.579246087922764
197502,197502,0.621666401221766
197503,197503,0.538746477716367
197878,197878,0.252963034573924
197879,197879,0.259045884929424
198012,198012,0.281773316483828
198201,198201,0.467492673938049
198587,198587,0.307216697340653
198867,198867,0.289690344873584
198982,198982,0.36039519587292
199323,199323,0.274405344618362
199324,199324,0.269054678010571
199325,199325,0.274811258053211
199326,199326,0.250052283627624
199583,199583,0.253237753329985
199584,199584,0.253266297011879
199585,199585,0.257344322480711
199763,199763,0.604102699476937
199764,199764,0.877647763542019
199765,199765,0.320891092661368
199766,199766,0.293923456342916
199859,199859,0.273877372781233
200347,200347,0.272303164606522
200348,200348,0.272747475407607
200349,200349,0.272817579848891
200350,200350,0.273963184159236
200351,200351,0.271144056649209
200352,200352,0.276773452377414
200353,200353,0.270562090094922
200738,200738,0.370258897924862
201030,201030,0.30665750742779
201271,201271,0.278036001922946
201272,201272,0.283151219191121
201273,201273,0.275528251333566
201274,201274,0.282213570486819
201275,201275,0.29065872939719
201798,201798,0.283285054421767
201799,201799,0.259458313218591
201884,201884,0.300919766031484
201885,201885,0.295888272964151
201886,201886,0.317949005200843
202245,202245,0.556087347935044
202246,202246,0.54313591289491
202247,202247,0.487809952018121
202248,202248,0.444207416579541
202249,202249,0.635770256733374
202250,202250,0.643940556335011
202251,202251,0.569967892431473
202252,202252,0.560427463986094
202253,202253,0.579051845621237
202254,202254,0.505626022219603
202300,202300,0.288894932532944
202301,202301,0.274448643973575
202309,202309,0.374786714955259
202779,202779,0.282656119190757
202780,202780,0.291617824909901
202815,202815,0.520833333333333
202816,202816,0.518849206349206
202817,202817,0.518763084896921
202818,202818,0.518442860675355
202819,202819,0.518262878326975
202820,202820,0.518246713071407
202821,202821,0.518222720432943
202822,202822,0.518327440189486
202823,202823,0.518342425583122
202824,202824,0.518492596977744
202825,202825,0.518752995842382
202826,202826,0.519166666666667
202827,202827,0.520833333333333
203068,203068,0.428106846939902
203069,203069,0.446176581944199
203070,203070,0.406031928296287
203071,203071,0.344309284053395
203106,203106,0.390367137547654
205080,205080,0.266547658492092
205081,205081,0.269307568275641
205178,205178,0.300596209078463
205179,205179,0.299068183254139
205763,205763,0.297681737321891
205764,205764,0.321857827942153
205823,205823,0.366979617738657
205824,205824,0.367590208420559
205825,205825,0.420806214774859
205826,205826,0.420364769598385
205917,205917,0.333333333333333
206360,206360,0.302779116222953
206361,206361,0.30378805619576
206730,206730,0.259899773050273
206731,206731,0.381816707898809
206802,206802,0.334100019824708
206803,206803,0.332965648130055
206804,206804,0.330710446829701
206805,206805,0.335261328229431
206806,206806,0.319974755165035
206807,206807,0.311276396424117
206808,206808,0.310424314476469
206809,206809,0.313131595339413
206810,206810,0.315923681783465
206811,206811,0.315738376540218
206812,206812,0.323411934958006
206813,206813,0.329715224730663
206814,206814,0.309130682502761
207808,207808,0.399069581363287
207809,207809,0.398398550777221
207810,207810,0.366101765843338
207811,207811,0.355962651009041
207812,207812,0.262206874179285
207813,207813,0.292324704221584
208301,208301,0.36069193027547
208381,208381,0.271656350744279
208886,208886,0.309177565517476
208887,208887,0.31463887431965
208888,208888,0.319762345103038
208889,208889,0.319528110885384
208901,208901,0.260219679913998
208902,208902,0.270178332675494
208903,208903,0.271064593666906
208904,208904,0.271622039643501
209014,209014,0.317387616279965
209015,209015,0.2887071533612
209016,209016,0.320832068746924
209017,209017,0.31898087430425
209018,209018,0.320078935335525
209257,209257,0.284839759202562
209258,209258,0.283154302408654
209339,209339,0.767437376437807
209807,209807,0.441911445898962
210046,210046,0.333671436222625
210057,210057,0.306857643609707
210058,210058,0.291296635128888
210059,210059,0.292694211423247
210060,210060,0.297979132054936
210061,210061,0.29703030622953
210062,210062,0.289666580711317
210063,210063,0.292693935644149
210064,210064,0.312848361878671
210065,210065,0.307098342697851
210147,210147,0.365250959034039
210321,210321,0.629734204957417
210322,210322,0.63222568046969
210323,210323,0.824180141800529
210552,210552,0.27943699053146
210795,210795,0.40770394479805
210914,210914,0.259848743758193
211743,211743,0.357975138194216
211744,211744,0.351946778983053
211745,211745,0.34646055913765
211746,211746,0.326416121408548
211747,211747,0.331796093228613
211748,211748,0.330771067665935
211764,211764,0.312820898177497
211765,211765,0.325966736419213
212215,212215,0.271466089564945
213286,213286,0.318768934441433
213312,213312,0.257793519137019
213313,213313,0.257854201038442
213322,213322,0.296034039152122
213323,213323,0.298118607872754
213324,213324,0.307316253851966
213325,213325,0.312360152919724
213326,213326,0.313098272425515
213327,213327,0.317248296101524
214048,214048,0.33396933706567
214049,214049,0.334352149525749
214050,214050,0.334033903930367
214051,214051,0.333309075247067
214057,214057,0.310558193864645
214058,214058,0.288478742394234
214059,214059,0.309392954239405
214060,214060,0.307673629997813
214345,214345,0.559972194498121
214346,214346,0.560149723613227
214555,214555,0.343350242693206
214556,214556,0.344370561014389
214756,214756,0.309883207312985
214757,214757,0.260861514704699
214758,214758,0.294635871226744
214759,214759,0.294508172224915
214760,214760,0.294040422807849
215030,215030,0.507261449231481
215031,215031,0.566313129179355
215032,215032,0.56663231646042
215033,215033,0.569143776490771
215106,215106,0.395752990933246
215107,215107,0.395489709955796
215108,215108,0.395454256583132
215109,215109,0.395363142413248
215110,215110,0.395410452652963
215111,215111,0.395466331165492
215112,215112,0.395722625185819
215113,215113,0.395833333333333
215114,215114,0.333333333333333
215134,215134,0.434694283723838
215135,215135,0.893202378761025
215136,215136,0.894581567647169
215640,215640,0.329579056936094
215641,215641,0.330641871323758
215642,215642,0.348283449373729
215643,215643,0.357172789735423
216096,216096,0.336366232296869
216097,216097,0.337428381948264
216098,216098,0.353004103011894
216099,216099,0.353489880314157
216100,216100,0.369304568397487
216101,216101,0.425387224338245
216102,216102,0.425542719800872
216103,216103,0.440840830849806
216104,216104,0.449529815566253
216482,216482,0.386976023863443
216483,216483,0.442991089789732
216484,216484,0.366760019468848
216485,216485,0.366347447795986
216486,216486,0.361086305041236
216487,216487,0.350013850238464
216488,216488,0.351821734131069
217181,217181,0.294724527242443
217249,217249,0.343270772061664
217250,217250,0.341742877477111
217251,217251,0.353089524745232
217252,217252,0.360475600025629
217253,217253,0.360557022117671
217254,217254,0.436259828889989
217384,217384,0.25093360861669
217385,217385,0.269236629457566
217387,217387,0.341987501673826
217389,217389,0.525333349018104
217390,217390,0.31602668668221
217393,217393,0.259002242659327
217394,217394,0.258767967653959
217502,217502,0.329900228795058
217503,217503,0.326576956613755
217504,217504,0.319466813861622
217505,217505,0.348010941797489
217506,217506,0.317469929964941
217578,217578,0.297776876961748
217579,217579,0.298125940694015
217580,217580,0.415995493173239
217581,217581,0.412392190692167
217592,217592,0.286119635388877
217593,217593,0.344131865486765
217690,217690,0.417523611671776
217691,217691,0.421501163401696
217693,217693,0.344899343378069
217698,217698,0.327700270098453
217700,217700,0.286935012017213
217703,217703,0.251018424714669
217761,217761,0.350608391010737
217802,217802,0.333518123825656
217803,217803,0.28657878104841
217805,217805,0.351096372665892
217814,217814,0.263083221365297
217815,217815,0.28315063607034
217816,217816,0.253875171975315
217817,217817,0.26871568275061
